Unnamed: 0;exec_time;dim;sparse;type;n_loops;sleep;cpu_info;curr_time;env;triangle;CPU;num_of_cores
0;0.0003108978271484;100;False;True;3;0.0;{'Architecture': ('64bit', 'ELF'), 'Machine': 'x86_64', 'Processor': 'x86_64', 'System': 'Linux', 'CPU Cores': 2, 'Logical CPUs': 4, 'CPU Frequency': scpufreq(current=2723.9834999999994, min=800.0, max=3300.0), 'uname': uname_result(system='Linux', node='EliteBookFolio1040-G1', release='5.15.0-91-generic', version='#101-Ubuntu SMP Tue Nov 14 13:30:08 UTC 2023', machine='x86_64')};20240114020339;script;False;i7-4600U;2
1;0.0004935264587402;100;False;True;3;0.15;{'Architecture': ('64bit', 'ELF'), 'Machine': 'x86_64', 'Processor': 'x86_64', 'System': 'Linux', 'CPU Cores': 2, 'Logical CPUs': 4, 'CPU Frequency': scpufreq(current=2915.1115, min=800.0, max=3300.0), 'uname': uname_result(system='Linux', node='EliteBookFolio1040-G1', release='5.15.0-91-generic', version='#101-Ubuntu SMP Tue Nov 14 13:30:08 UTC 2023', machine='x86_64')};20240114020340;script;False;i7-4600U;2
2;0.0007393360137939;100;False;True;3;0.3;{'Architecture': ('64bit', 'ELF'), 'Machine': 'x86_64', 'Processor': 'x86_64', 'System': 'Linux', 'CPU Cores': 2, 'Logical CPUs': 4, 'CPU Frequency': scpufreq(current=2788.5065, min=800.0, max=3300.0), 'uname': uname_result(system='Linux', node='EliteBookFolio1040-G1', release='5.15.0-91-generic', version='#101-Ubuntu SMP Tue Nov 14 13:30:08 UTC 2023', machine='x86_64')};20240114020340;script;False;i7-4600U;2
3;0.0002810955047607;100;False;True;9;0.0;{'Architecture': ('64bit', 'ELF'), 'Machine': 'x86_64', 'Processor': 'x86_64', 'System': 'Linux', 'CPU Cores': 2, 'Logical CPUs': 4, 'CPU Frequency': scpufreq(current=2968.5495, min=800.0, max=3300.0), 'uname': uname_result(system='Linux', node='EliteBookFolio1040-G1', release='5.15.0-91-generic', version='#101-Ubuntu SMP Tue Nov 14 13:30:08 UTC 2023', machine='x86_64')};20240114020340;script;False;i7-4600U;2
4;0.0004932880401611;100;False;True;9;0.15;{'Architecture': ('64bit', 'ELF'), 'Machine': 'x86_64', 'Processor': 'x86_64', 'System': 'Linux', 'CPU Cores': 2, 'Logical CPUs': 4, 'CPU Frequency': scpufreq(current=2993.26325, min=800.0, max=3300.0), 'uname': uname_result(system='Linux', node='EliteBookFolio1040-G1', release='5.15.0-91-generic', version='#101-Ubuntu SMP Tue Nov 14 13:30:08 UTC 2023', machine='x86_64')};20240114020342;script;False;i7-4600U;2
5;0.0006999969482421;100;False;True;9;0.3;{'Architecture': ('64bit', 'ELF'), 'Machine': 'x86_64', 'Processor': 'x86_64', 'System': 'Linux', 'CPU Cores': 2, 'Logical CPUs': 4, 'CPU Frequency': scpufreq(current=2993.271, min=800.0, max=3300.0), 'uname': uname_result(system='Linux', node='EliteBookFolio1040-G1', release='5.15.0-91-generic', version='#101-Ubuntu SMP Tue Nov 14 13:30:08 UTC 2023', machine='x86_64')};20240114020345;script;False;i7-4600U;2
6;0.0002572536468505;100;False;False;3;0.0;{'Architecture': ('64bit', 'ELF'), 'Machine': 'x86_64', 'Processor': 'x86_64', 'System': 'Linux', 'CPU Cores': 2, 'Logical CPUs': 4, 'CPU Frequency': scpufreq(current=2993.2647500000003, min=800.0, max=3300.0), 'uname': uname_result(system='Linux', node='EliteBookFolio1040-G1', release='5.15.0-91-generic', version='#101-Ubuntu SMP Tue Nov 14 13:30:08 UTC 2023', machine='x86_64')};20240114020345;script;False;i7-4600U;2
7;0.0005114078521728;100;False;False;3;0.15;{'Architecture': ('64bit', 'ELF'), 'Machine': 'x86_64', 'Processor': 'x86_64', 'System': 'Linux', 'CPU Cores': 2, 'Logical CPUs': 4, 'CPU Frequency': scpufreq(current=2915.75625, min=800.0, max=3300.0), 'uname': uname_result(system='Linux', node='EliteBookFolio1040-G1', release='5.15.0-91-generic', version='#101-Ubuntu SMP Tue Nov 14 13:30:08 UTC 2023', machine='x86_64')};20240114020345;script;False;i7-4600U;2
8;0.000739574432373;100;False;False;3;0.3;{'Architecture': ('64bit', 'ELF'), 'Machine': 'x86_64', 'Processor': 'x86_64', 'System': 'Linux', 'CPU Cores': 2, 'Logical CPUs': 4, 'CPU Frequency': scpufreq(current=2851.24325, min=800.0, max=3300.0), 'uname': uname_result(system='Linux', node='EliteBookFolio1040-G1', release='5.15.0-91-generic', version='#101-Ubuntu SMP Tue Nov 14 13:30:08 UTC 2023', machine='x86_64')};20240114020346;script;False;i7-4600U;2
9;0.0002639293670654;100;False;False;9;0.0;{'Architecture': ('64bit', 'ELF'), 'Machine': 'x86_64', 'Processor': 'x86_64', 'System': 'Linux', 'CPU Cores': 2, 'Logical CPUs': 4, 'CPU Frequency': scpufreq(current=2993.264, min=800.0, max=3300.0), 'uname': uname_result(system='Linux', node='EliteBookFolio1040-G1', release='5.15.0-91-generic', version='#101-Ubuntu SMP Tue Nov 14 13:30:08 UTC 2023', machine='x86_64')};20240114020346;script;False;i7-4600U;2
10;0.0004956722259521;100;False;False;9;0.15;{'Architecture': ('64bit', 'ELF'), 'Machine': 'x86_64', 'Processor': 'x86_64', 'System': 'Linux', 'CPU Cores': 2, 'Logical CPUs': 4, 'CPU Frequency': scpufreq(current=2993.2765000000004, min=800.0, max=3300.0), 'uname': uname_result(system='Linux', node='EliteBookFolio1040-G1', release='5.15.0-91-generic', version='#101-Ubuntu SMP Tue Nov 14 13:30:08 UTC 2023', machine='x86_64')};20240114020347;script;False;i7-4600U;2
11;0.0007293224334716;100;False;False;9;0.3;{'Architecture': ('64bit', 'ELF'), 'Machine': 'x86_64', 'Processor': 'x86_64', 'System': 'Linux', 'CPU Cores': 2, 'Logical CPUs': 4, 'CPU Frequency': scpufreq(current=2993.2657499999996, min=800.0, max=3300.0), 'uname': uname_result(system='Linux', node='EliteBookFolio1040-G1', release='5.15.0-91-generic', version='#101-Ubuntu SMP Tue Nov 14 13:30:08 UTC 2023', machine='x86_64')};20240114020350;script;False;i7-4600U;2
12;0.0002689361572265;100;False;True;3;0.0;{'Architecture': ('64bit', 'ELF'), 'Machine': 'x86_64', 'Processor': 'x86_64', 'System': 'Linux', 'CPU Cores': 2, 'Logical CPUs': 4, 'CPU Frequency': scpufreq(current=2935.71775, min=800.0, max=3300.0), 'uname': uname_result(system='Linux', node='EliteBookFolio1040-G1', release='5.15.0-91-generic', version='#101-Ubuntu SMP Tue Nov 14 13:30:08 UTC 2023', machine='x86_64')};20240114020350;script;True;i7-4600U;2
13;0.0004839897155761;100;False;True;3;0.15;{'Architecture': ('64bit', 'ELF'), 'Machine': 'x86_64', 'Processor': 'x86_64', 'System': 'Linux', 'CPU Cores': 2, 'Logical CPUs': 4, 'CPU Frequency': scpufreq(current=2940.05475, min=800.0, max=3300.0), 'uname': uname_result(system='Linux', node='EliteBookFolio1040-G1', release='5.15.0-91-generic', version='#101-Ubuntu SMP Tue Nov 14 13:30:08 UTC 2023', machine='x86_64')};20240114020351;script;True;i7-4600U;2
14;0.000502586364746;100;False;True;3;0.3;{'Architecture': ('64bit', 'ELF'), 'Machine': 'x86_64', 'Processor': 'x86_64', 'System': 'Linux', 'CPU Cores': 2, 'Logical CPUs': 4, 'CPU Frequency': scpufreq(current=2891.3512499999997, min=800.0, max=3300.0), 'uname': uname_result(system='Linux', node='EliteBookFolio1040-G1', release='5.15.0-91-generic', version='#101-Ubuntu SMP Tue Nov 14 13:30:08 UTC 2023', machine='x86_64')};20240114020352;script;True;i7-4600U;2
15;0.0002708435058593;100;False;True;9;0.0;{'Architecture': ('64bit', 'ELF'), 'Machine': 'x86_64', 'Processor': 'x86_64', 'System': 'Linux', 'CPU Cores': 2, 'Logical CPUs': 4, 'CPU Frequency': scpufreq(current=2993.27275, min=800.0, max=3300.0), 'uname': uname_result(system='Linux', node='EliteBookFolio1040-G1', release='5.15.0-91-generic', version='#101-Ubuntu SMP Tue Nov 14 13:30:08 UTC 2023', machine='x86_64')};20240114020352;script;True;i7-4600U;2
16;0.0004892349243164;100;False;True;9;0.15;{'Architecture': ('64bit', 'ELF'), 'Machine': 'x86_64', 'Processor': 'x86_64', 'System': 'Linux', 'CPU Cores': 2, 'Logical CPUs': 4, 'CPU Frequency': scpufreq(current=2993.276, min=800.0, max=3300.0), 'uname': uname_result(system='Linux', node='EliteBookFolio1040-G1', release='5.15.0-91-generic', version='#101-Ubuntu SMP Tue Nov 14 13:30:08 UTC 2023', machine='x86_64')};20240114020353;script;True;i7-4600U;2
17;0.000502586364746;100;False;True;9;0.3;{'Architecture': ('64bit', 'ELF'), 'Machine': 'x86_64', 'Processor': 'x86_64', 'System': 'Linux', 'CPU Cores': 2, 'Logical CPUs': 4, 'CPU Frequency': scpufreq(current=2993.2622499999998, min=800.0, max=3300.0), 'uname': uname_result(system='Linux', node='EliteBookFolio1040-G1', release='5.15.0-91-generic', version='#101-Ubuntu SMP Tue Nov 14 13:30:08 UTC 2023', machine='x86_64')};20240114020356;script;True;i7-4600U;2
18;0.0003097057342529;100;False;False;3;0.0;{'Architecture': ('64bit', 'ELF'), 'Machine': 'x86_64', 'Processor': 'x86_64', 'System': 'Linux', 'CPU Cores': 2, 'Logical CPUs': 4, 'CPU Frequency': scpufreq(current=2962.8117500000003, min=800.0, max=3300.0), 'uname': uname_result(system='Linux', node='EliteBookFolio1040-G1', release='5.15.0-91-generic', version='#101-Ubuntu SMP Tue Nov 14 13:30:08 UTC 2023', machine='x86_64')};20240114020356;script;True;i7-4600U;2
19;0.0004973411560058;100;False;False;3;0.15;{'Architecture': ('64bit', 'ELF'), 'Machine': 'x86_64', 'Processor': 'x86_64', 'System': 'Linux', 'CPU Cores': 2, 'Logical CPUs': 4, 'CPU Frequency': scpufreq(current=2901.1347499999997, min=800.0, max=3300.0), 'uname': uname_result(system='Linux', node='EliteBookFolio1040-G1', release='5.15.0-91-generic', version='#101-Ubuntu SMP Tue Nov 14 13:30:08 UTC 2023', machine='x86_64')};20240114020356;script;True;i7-4600U;2
20;0.0005121231079101;100;False;False;3;0.3;{'Architecture': ('64bit', 'ELF'), 'Machine': 'x86_64', 'Processor': 'x86_64', 'System': 'Linux', 'CPU Cores': 2, 'Logical CPUs': 4, 'CPU Frequency': scpufreq(current=2936.035, min=800.0, max=3300.0), 'uname': uname_result(system='Linux', node='EliteBookFolio1040-G1', release='5.15.0-91-generic', version='#101-Ubuntu SMP Tue Nov 14 13:30:08 UTC 2023', machine='x86_64')};20240114020357;script;True;i7-4600U;2
21;0.0002963542938232;100;False;False;9;0.0;{'Architecture': ('64bit', 'ELF'), 'Machine': 'x86_64', 'Processor': 'x86_64', 'System': 'Linux', 'CPU Cores': 2, 'Logical CPUs': 4, 'CPU Frequency': scpufreq(current=2855.2612499999996, min=800.0, max=3300.0), 'uname': uname_result(system='Linux', node='EliteBookFolio1040-G1', release='5.15.0-91-generic', version='#101-Ubuntu SMP Tue Nov 14 13:30:08 UTC 2023', machine='x86_64')};20240114020357;script;True;i7-4600U;2
22;0.0004844665527343;100;False;False;9;0.15;{'Architecture': ('64bit', 'ELF'), 'Machine': 'x86_64', 'Processor': 'x86_64', 'System': 'Linux', 'CPU Cores': 2, 'Logical CPUs': 4, 'CPU Frequency': scpufreq(current=2993.23125, min=800.0, max=3300.0), 'uname': uname_result(system='Linux', node='EliteBookFolio1040-G1', release='5.15.0-91-generic', version='#101-Ubuntu SMP Tue Nov 14 13:30:08 UTC 2023', machine='x86_64')};20240114020358;script;True;i7-4600U;2
23;0.0006518363952636;100;False;False;9;0.3;{'Architecture': ('64bit', 'ELF'), 'Machine': 'x86_64', 'Processor': 'x86_64', 'System': 'Linux', 'CPU Cores': 2, 'Logical CPUs': 4, 'CPU Frequency': scpufreq(current=2993.2645, min=800.0, max=3300.0), 'uname': uname_result(system='Linux', node='EliteBookFolio1040-G1', release='5.15.0-91-generic', version='#101-Ubuntu SMP Tue Nov 14 13:30:08 UTC 2023', machine='x86_64')};20240114020401;script;True;i7-4600U;2
24;0.2957644462585449;2550;False;True;3;0.0;{'Architecture': ('64bit', 'ELF'), 'Machine': 'x86_64', 'Processor': 'x86_64', 'System': 'Linux', 'CPU Cores': 2, 'Logical CPUs': 4, 'CPU Frequency': scpufreq(current=2294.80875, min=800.0, max=3300.0), 'uname': uname_result(system='Linux', node='EliteBookFolio1040-G1', release='5.15.0-91-generic', version='#101-Ubuntu SMP Tue Nov 14 13:30:08 UTC 2023', machine='x86_64')};20240114020402;script;False;i7-4600U;2
25;0.294126033782959;2550;False;True;3;0.15;{'Architecture': ('64bit', 'ELF'), 'Machine': 'x86_64', 'Processor': 'x86_64', 'System': 'Linux', 'CPU Cores': 2, 'Logical CPUs': 4, 'CPU Frequency': scpufreq(current=2993.25725, min=800.0, max=3300.0), 'uname': uname_result(system='Linux', node='EliteBookFolio1040-G1', release='5.15.0-91-generic', version='#101-Ubuntu SMP Tue Nov 14 13:30:08 UTC 2023', machine='x86_64')};20240114020404;script;False;i7-4600U;2
26;0.2854750156402588;2550;False;True;3;0.3;{'Architecture': ('64bit', 'ELF'), 'Machine': 'x86_64', 'Processor': 'x86_64', 'System': 'Linux', 'CPU Cores': 2, 'Logical CPUs': 4, 'CPU Frequency': scpufreq(current=2993.26325, min=800.0, max=3300.0), 'uname': uname_result(system='Linux', node='EliteBookFolio1040-G1', release='5.15.0-91-generic', version='#101-Ubuntu SMP Tue Nov 14 13:30:08 UTC 2023', machine='x86_64')};20240114020405;script;False;i7-4600U;2
27;0.2908883094787597;2550;False;True;9;0.0;{'Architecture': ('64bit', 'ELF'), 'Machine': 'x86_64', 'Processor': 'x86_64', 'System': 'Linux', 'CPU Cores': 2, 'Logical CPUs': 4, 'CPU Frequency': scpufreq(current=3069.948, min=800.0, max=3300.0), 'uname': uname_result(system='Linux', node='EliteBookFolio1040-G1', release='5.15.0-91-generic', version='#101-Ubuntu SMP Tue Nov 14 13:30:08 UTC 2023', machine='x86_64')};20240114020408;script;False;i7-4600U;2
28;0.2885670661926269;2550;False;True;9;0.15;{'Architecture': ('64bit', 'ELF'), 'Machine': 'x86_64', 'Processor': 'x86_64', 'System': 'Linux', 'CPU Cores': 2, 'Logical CPUs': 4, 'CPU Frequency': scpufreq(current=2993.26175, min=800.0, max=3300.0), 'uname': uname_result(system='Linux', node='EliteBookFolio1040-G1', release='5.15.0-91-generic', version='#101-Ubuntu SMP Tue Nov 14 13:30:08 UTC 2023', machine='x86_64')};20240114020412;script;False;i7-4600U;2
29;0.2874166965484619;2550;False;True;9;0.3;{'Architecture': ('64bit', 'ELF'), 'Machine': 'x86_64', 'Processor': 'x86_64', 'System': 'Linux', 'CPU Cores': 2, 'Logical CPUs': 4, 'CPU Frequency': scpufreq(current=2993.25475, min=800.0, max=3300.0), 'uname': uname_result(system='Linux', node='EliteBookFolio1040-G1', release='5.15.0-91-generic', version='#101-Ubuntu SMP Tue Nov 14 13:30:08 UTC 2023', machine='x86_64')};20240114020417;script;False;i7-4600U;2
30;0.2898662090301513;2550;False;False;3;0.0;{'Architecture': ('64bit', 'ELF'), 'Machine': 'x86_64', 'Processor': 'x86_64', 'System': 'Linux', 'CPU Cores': 2, 'Logical CPUs': 4, 'CPU Frequency': scpufreq(current=2993.26325, min=800.0, max=3300.0), 'uname': uname_result(system='Linux', node='EliteBookFolio1040-G1', release='5.15.0-91-generic', version='#101-Ubuntu SMP Tue Nov 14 13:30:08 UTC 2023', machine='x86_64')};20240114020418;script;False;i7-4600U;2
31;0.291417121887207;2550;False;False;3;0.15;{'Architecture': ('64bit', 'ELF'), 'Machine': 'x86_64', 'Processor': 'x86_64', 'System': 'Linux', 'CPU Cores': 2, 'Logical CPUs': 4, 'CPU Frequency': scpufreq(current=2993.26425, min=800.0, max=3300.0), 'uname': uname_result(system='Linux', node='EliteBookFolio1040-G1', release='5.15.0-91-generic', version='#101-Ubuntu SMP Tue Nov 14 13:30:08 UTC 2023', machine='x86_64')};20240114020420;script;False;i7-4600U;2
32;0.2839925289154053;2550;False;False;3;0.3;{'Architecture': ('64bit', 'ELF'), 'Machine': 'x86_64', 'Processor': 'x86_64', 'System': 'Linux', 'CPU Cores': 2, 'Logical CPUs': 4, 'CPU Frequency': scpufreq(current=2993.26475, min=800.0, max=3300.0), 'uname': uname_result(system='Linux', node='EliteBookFolio1040-G1', release='5.15.0-91-generic', version='#101-Ubuntu SMP Tue Nov 14 13:30:08 UTC 2023', machine='x86_64')};20240114020421;script;False;i7-4600U;2
33;0.2947659492492676;2550;False;False;9;0.0;{'Architecture': ('64bit', 'ELF'), 'Machine': 'x86_64', 'Processor': 'x86_64', 'System': 'Linux', 'CPU Cores': 2, 'Logical CPUs': 4, 'CPU Frequency': scpufreq(current=2951.1489999999994, min=800.0, max=3300.0), 'uname': uname_result(system='Linux', node='EliteBookFolio1040-G1', release='5.15.0-91-generic', version='#101-Ubuntu SMP Tue Nov 14 13:30:08 UTC 2023', machine='x86_64')};20240114020424;script;False;i7-4600U;2
34;0.2859811782836914;2550;False;False;9;0.15;{'Architecture': ('64bit', 'ELF'), 'Machine': 'x86_64', 'Processor': 'x86_64', 'System': 'Linux', 'CPU Cores': 2, 'Logical CPUs': 4, 'CPU Frequency': scpufreq(current=2993.2729999999997, min=800.0, max=3300.0), 'uname': uname_result(system='Linux', node='EliteBookFolio1040-G1', release='5.15.0-91-generic', version='#101-Ubuntu SMP Tue Nov 14 13:30:08 UTC 2023', machine='x86_64')};20240114020428;script;False;i7-4600U;2
35;0.2890617847442627;2550;False;False;9;0.3;{'Architecture': ('64bit', 'ELF'), 'Machine': 'x86_64', 'Processor': 'x86_64', 'System': 'Linux', 'CPU Cores': 2, 'Logical CPUs': 4, 'CPU Frequency': scpufreq(current=2993.26425, min=800.0, max=3300.0), 'uname': uname_result(system='Linux', node='EliteBookFolio1040-G1', release='5.15.0-91-generic', version='#101-Ubuntu SMP Tue Nov 14 13:30:08 UTC 2023', machine='x86_64')};20240114020433;script;False;i7-4600U;2
36;0.2927570343017578;2550;False;True;3;0.0;{'Architecture': ('64bit', 'ELF'), 'Machine': 'x86_64', 'Processor': 'x86_64', 'System': 'Linux', 'CPU Cores': 2, 'Logical CPUs': 4, 'CPU Frequency': scpufreq(current=2989.36125, min=800.0, max=3300.0), 'uname': uname_result(system='Linux', node='EliteBookFolio1040-G1', release='5.15.0-91-generic', version='#101-Ubuntu SMP Tue Nov 14 13:30:08 UTC 2023', machine='x86_64')};20240114020435;script;True;i7-4600U;2
37;0.2902734279632568;2550;False;True;3;0.15;{'Architecture': ('64bit', 'ELF'), 'Machine': 'x86_64', 'Processor': 'x86_64', 'System': 'Linux', 'CPU Cores': 2, 'Logical CPUs': 4, 'CPU Frequency': scpufreq(current=2993.2407500000004, min=800.0, max=3300.0), 'uname': uname_result(system='Linux', node='EliteBookFolio1040-G1', release='5.15.0-91-generic', version='#101-Ubuntu SMP Tue Nov 14 13:30:08 UTC 2023', machine='x86_64')};20240114020436;script;True;i7-4600U;2
38;0.2833046913146972;2550;False;True;3;0.3;{'Architecture': ('64bit', 'ELF'), 'Machine': 'x86_64', 'Processor': 'x86_64', 'System': 'Linux', 'CPU Cores': 2, 'Logical CPUs': 4, 'CPU Frequency': scpufreq(current=2993.264, min=800.0, max=3300.0), 'uname': uname_result(system='Linux', node='EliteBookFolio1040-G1', release='5.15.0-91-generic', version='#101-Ubuntu SMP Tue Nov 14 13:30:08 UTC 2023', machine='x86_64')};20240114020438;script;True;i7-4600U;2
39;0.2959713935852051;2550;False;True;9;0.0;{'Architecture': ('64bit', 'ELF'), 'Machine': 'x86_64', 'Processor': 'x86_64', 'System': 'Linux', 'CPU Cores': 2, 'Logical CPUs': 4, 'CPU Frequency': scpufreq(current=2904.0057500000003, min=800.0, max=3300.0), 'uname': uname_result(system='Linux', node='EliteBookFolio1040-G1', release='5.15.0-91-generic', version='#101-Ubuntu SMP Tue Nov 14 13:30:08 UTC 2023', machine='x86_64')};20240114020440;script;True;i7-4600U;2
40;0.2912271022796631;2550;False;True;9;0.15;{'Architecture': ('64bit', 'ELF'), 'Machine': 'x86_64', 'Processor': 'x86_64', 'System': 'Linux', 'CPU Cores': 2, 'Logical CPUs': 4, 'CPU Frequency': scpufreq(current=3069.94825, min=800.0, max=3300.0), 'uname': uname_result(system='Linux', node='EliteBookFolio1040-G1', release='5.15.0-91-generic', version='#101-Ubuntu SMP Tue Nov 14 13:30:08 UTC 2023', machine='x86_64')};20240114020444;script;True;i7-4600U;2
41;0.2884268760681152;2550;False;True;9;0.3;{'Architecture': ('64bit', 'ELF'), 'Machine': 'x86_64', 'Processor': 'x86_64', 'System': 'Linux', 'CPU Cores': 2, 'Logical CPUs': 4, 'CPU Frequency': scpufreq(current=2993.2635, min=800.0, max=3300.0), 'uname': uname_result(system='Linux', node='EliteBookFolio1040-G1', release='5.15.0-91-generic', version='#101-Ubuntu SMP Tue Nov 14 13:30:08 UTC 2023', machine='x86_64')};20240114020450;script;True;i7-4600U;2
42;0.2936024665832519;2550;False;False;3;0.0;{'Architecture': ('64bit', 'ELF'), 'Machine': 'x86_64', 'Processor': 'x86_64', 'System': 'Linux', 'CPU Cores': 2, 'Logical CPUs': 4, 'CPU Frequency': scpufreq(current=2993.2662499999997, min=800.0, max=3300.0), 'uname': uname_result(system='Linux', node='EliteBookFolio1040-G1', release='5.15.0-91-generic', version='#101-Ubuntu SMP Tue Nov 14 13:30:08 UTC 2023', machine='x86_64')};20240114020451;script;True;i7-4600U;2
43;0.292621374130249;2550;False;False;3;0.15;{'Architecture': ('64bit', 'ELF'), 'Machine': 'x86_64', 'Processor': 'x86_64', 'System': 'Linux', 'CPU Cores': 2, 'Logical CPUs': 4, 'CPU Frequency': scpufreq(current=2993.2637500000005, min=800.0, max=3300.0), 'uname': uname_result(system='Linux', node='EliteBookFolio1040-G1', release='5.15.0-91-generic', version='#101-Ubuntu SMP Tue Nov 14 13:30:08 UTC 2023', machine='x86_64')};20240114020452;script;True;i7-4600U;2
44;0.283780574798584;2550;False;False;3;0.3;{'Architecture': ('64bit', 'ELF'), 'Machine': 'x86_64', 'Processor': 'x86_64', 'System': 'Linux', 'CPU Cores': 2, 'Logical CPUs': 4, 'CPU Frequency': scpufreq(current=2993.263, min=800.0, max=3300.0), 'uname': uname_result(system='Linux', node='EliteBookFolio1040-G1', release='5.15.0-91-generic', version='#101-Ubuntu SMP Tue Nov 14 13:30:08 UTC 2023', machine='x86_64')};20240114020454;script;True;i7-4600U;2
45;0.2966980934143066;2550;False;False;9;0.0;{'Architecture': ('64bit', 'ELF'), 'Machine': 'x86_64', 'Processor': 'x86_64', 'System': 'Linux', 'CPU Cores': 2, 'Logical CPUs': 4, 'CPU Frequency': scpufreq(current=3069.9575, min=800.0, max=3300.0), 'uname': uname_result(system='Linux', node='EliteBookFolio1040-G1', release='5.15.0-91-generic', version='#101-Ubuntu SMP Tue Nov 14 13:30:08 UTC 2023', machine='x86_64')};20240114020457;script;True;i7-4600U;2
46;0.2882702350616455;2550;False;False;9;0.15;{'Architecture': ('64bit', 'ELF'), 'Machine': 'x86_64', 'Processor': 'x86_64', 'System': 'Linux', 'CPU Cores': 2, 'Logical CPUs': 4, 'CPU Frequency': scpufreq(current=2444.95025, min=800.0, max=3300.0), 'uname': uname_result(system='Linux', node='EliteBookFolio1040-G1', release='5.15.0-91-generic', version='#101-Ubuntu SMP Tue Nov 14 13:30:08 UTC 2023', machine='x86_64')};20240114020501;script;True;i7-4600U;2
47;0.2900567054748535;2550;False;False;9;0.3;{'Architecture': ('64bit', 'ELF'), 'Machine': 'x86_64', 'Processor': 'x86_64', 'System': 'Linux', 'CPU Cores': 2, 'Logical CPUs': 4, 'CPU Frequency': scpufreq(current=2993.22425, min=800.0, max=3300.0), 'uname': uname_result(system='Linux', node='EliteBookFolio1040-G1', release='5.15.0-91-generic', version='#101-Ubuntu SMP Tue Nov 14 13:30:08 UTC 2023', machine='x86_64')};20240114020506;script;True;i7-4600U;2
48;1.916240692138672;5000;False;True;3;0.0;{'Architecture': ('64bit', 'ELF'), 'Machine': 'x86_64', 'Processor': 'x86_64', 'System': 'Linux', 'CPU Cores': 2, 'Logical CPUs': 4, 'CPU Frequency': scpufreq(current=3069.9480000000003, min=800.0, max=3300.0), 'uname': uname_result(system='Linux', node='EliteBookFolio1040-G1', release='5.15.0-91-generic', version='#101-Ubuntu SMP Tue Nov 14 13:30:08 UTC 2023', machine='x86_64')};20240114020512;script;False;i7-4600U;2
49;2.0174977779388428;5000;False;True;3;0.15;{'Architecture': ('64bit', 'ELF'), 'Machine': 'x86_64', 'Processor': 'x86_64', 'System': 'Linux', 'CPU Cores': 2, 'Logical CPUs': 4, 'CPU Frequency': scpufreq(current=2251.07325, min=800.0, max=3300.0), 'uname': uname_result(system='Linux', node='EliteBookFolio1040-G1', release='5.15.0-91-generic', version='#101-Ubuntu SMP Tue Nov 14 13:30:08 UTC 2023', machine='x86_64')};20240114020519;script;False;i7-4600U;2
50;2.034402847290039;5000;False;True;3;0.3;{'Architecture': ('64bit', 'ELF'), 'Machine': 'x86_64', 'Processor': 'x86_64', 'System': 'Linux', 'CPU Cores': 2, 'Logical CPUs': 4, 'CPU Frequency': scpufreq(current=2231.19675, min=800.0, max=3300.0), 'uname': uname_result(system='Linux', node='EliteBookFolio1040-G1', release='5.15.0-91-generic', version='#101-Ubuntu SMP Tue Nov 14 13:30:08 UTC 2023', machine='x86_64')};20240114020526;script;False;i7-4600U;2
51;2.21419620513916;5000;False;True;9;0.0;{'Architecture': ('64bit', 'ELF'), 'Machine': 'x86_64', 'Processor': 'x86_64', 'System': 'Linux', 'CPU Cores': 2, 'Logical CPUs': 4, 'CPU Frequency': scpufreq(current=2247.9087499999996, min=800.0, max=3300.0), 'uname': uname_result(system='Linux', node='EliteBookFolio1040-G1', release='5.15.0-91-generic', version='#101-Ubuntu SMP Tue Nov 14 13:30:08 UTC 2023', machine='x86_64')};20240114020546;script;False;i7-4600U;2
52;2.151458501815796;5000;False;True;9;0.15;{'Architecture': ('64bit', 'ELF'), 'Machine': 'x86_64', 'Processor': 'x86_64', 'System': 'Linux', 'CPU Cores': 2, 'Logical CPUs': 4, 'CPU Frequency': scpufreq(current=2246.239, min=800.0, max=3300.0), 'uname': uname_result(system='Linux', node='EliteBookFolio1040-G1', release='5.15.0-91-generic', version='#101-Ubuntu SMP Tue Nov 14 13:30:08 UTC 2023', machine='x86_64')};20240114020606;script;False;i7-4600U;2
53;2.0476911067962646;5000;False;True;9;0.3;{'Architecture': ('64bit', 'ELF'), 'Machine': 'x86_64', 'Processor': 'x86_64', 'System': 'Linux', 'CPU Cores': 2, 'Logical CPUs': 4, 'CPU Frequency': scpufreq(current=2184.20075, min=800.0, max=3300.0), 'uname': uname_result(system='Linux', node='EliteBookFolio1040-G1', release='5.15.0-91-generic', version='#101-Ubuntu SMP Tue Nov 14 13:30:08 UTC 2023', machine='x86_64')};20240114020628;script;False;i7-4600U;2
54;2.197382688522339;5000;False;False;3;0.0;{'Architecture': ('64bit', 'ELF'), 'Machine': 'x86_64', 'Processor': 'x86_64', 'System': 'Linux', 'CPU Cores': 2, 'Logical CPUs': 4, 'CPU Frequency': scpufreq(current=2255.2439999999997, min=800.0, max=3300.0), 'uname': uname_result(system='Linux', node='EliteBookFolio1040-G1', release='5.15.0-91-generic', version='#101-Ubuntu SMP Tue Nov 14 13:30:08 UTC 2023', machine='x86_64')};20240114020635;script;False;i7-4600U;2
55;2.129444122314453;5000;False;False;3;0.15;{'Architecture': ('64bit', 'ELF'), 'Machine': 'x86_64', 'Processor': 'x86_64', 'System': 'Linux', 'CPU Cores': 2, 'Logical CPUs': 4, 'CPU Frequency': scpufreq(current=2267.267, min=800.0, max=3300.0), 'uname': uname_result(system='Linux', node='EliteBookFolio1040-G1', release='5.15.0-91-generic', version='#101-Ubuntu SMP Tue Nov 14 13:30:08 UTC 2023', machine='x86_64')};20240114020642;script;False;i7-4600U;2
56;2.0609469413757324;5000;False;False;3;0.3;{'Architecture': ('64bit', 'ELF'), 'Machine': 'x86_64', 'Processor': 'x86_64', 'System': 'Linux', 'CPU Cores': 2, 'Logical CPUs': 4, 'CPU Frequency': scpufreq(current=2232.272, min=800.0, max=3300.0), 'uname': uname_result(system='Linux', node='EliteBookFolio1040-G1', release='5.15.0-91-generic', version='#101-Ubuntu SMP Tue Nov 14 13:30:08 UTC 2023', machine='x86_64')};20240114020649;script;False;i7-4600U;2
57;2.2216665744781494;5000;False;False;9;0.0;{'Architecture': ('64bit', 'ELF'), 'Machine': 'x86_64', 'Processor': 'x86_64', 'System': 'Linux', 'CPU Cores': 2, 'Logical CPUs': 4, 'CPU Frequency': scpufreq(current=2245.02425, min=800.0, max=3300.0), 'uname': uname_result(system='Linux', node='EliteBookFolio1040-G1', release='5.15.0-91-generic', version='#101-Ubuntu SMP Tue Nov 14 13:30:08 UTC 2023', machine='x86_64')};20240114020709;script;False;i7-4600U;2
58;2.1338918209075928;5000;False;False;9;0.15;{'Architecture': ('64bit', 'ELF'), 'Machine': 'x86_64', 'Processor': 'x86_64', 'System': 'Linux', 'CPU Cores': 2, 'Logical CPUs': 4, 'CPU Frequency': scpufreq(current=2252.8415, min=800.0, max=3300.0), 'uname': uname_result(system='Linux', node='EliteBookFolio1040-G1', release='5.15.0-91-generic', version='#101-Ubuntu SMP Tue Nov 14 13:30:08 UTC 2023', machine='x86_64')};20240114020729;script;False;i7-4600U;2
59;2.047077417373657;5000;False;False;9;0.3;{'Architecture': ('64bit', 'ELF'), 'Machine': 'x86_64', 'Processor': 'x86_64', 'System': 'Linux', 'CPU Cores': 2, 'Logical CPUs': 4, 'CPU Frequency': scpufreq(current=2132.45825, min=800.0, max=3300.0), 'uname': uname_result(system='Linux', node='EliteBookFolio1040-G1', release='5.15.0-91-generic', version='#101-Ubuntu SMP Tue Nov 14 13:30:08 UTC 2023', machine='x86_64')};20240114020751;script;False;i7-4600U;2
60;2.18407940864563;5000;False;True;3;0.0;{'Architecture': ('64bit', 'ELF'), 'Machine': 'x86_64', 'Processor': 'x86_64', 'System': 'Linux', 'CPU Cores': 2, 'Logical CPUs': 4, 'CPU Frequency': scpufreq(current=2277.6355, min=800.0, max=3300.0), 'uname': uname_result(system='Linux', node='EliteBookFolio1040-G1', release='5.15.0-91-generic', version='#101-Ubuntu SMP Tue Nov 14 13:30:08 UTC 2023', machine='x86_64')};20240114020758;script;True;i7-4600U;2
61;2.1117587089538574;5000;False;True;3;0.15;{'Architecture': ('64bit', 'ELF'), 'Machine': 'x86_64', 'Processor': 'x86_64', 'System': 'Linux', 'CPU Cores': 2, 'Logical CPUs': 4, 'CPU Frequency': scpufreq(current=2456.4790000000003, min=800.0, max=3300.0), 'uname': uname_result(system='Linux', node='EliteBookFolio1040-G1', release='5.15.0-91-generic', version='#101-Ubuntu SMP Tue Nov 14 13:30:08 UTC 2023', machine='x86_64')};20240114020805;script;True;i7-4600U;2
62;2.024193286895752;5000;False;True;3;0.3;{'Architecture': ('64bit', 'ELF'), 'Machine': 'x86_64', 'Processor': 'x86_64', 'System': 'Linux', 'CPU Cores': 2, 'Logical CPUs': 4, 'CPU Frequency': scpufreq(current=2232.601, min=800.0, max=3300.0), 'uname': uname_result(system='Linux', node='EliteBookFolio1040-G1', release='5.15.0-91-generic', version='#101-Ubuntu SMP Tue Nov 14 13:30:08 UTC 2023', machine='x86_64')};20240114020812;script;True;i7-4600U;2
63;2.1873228549957275;5000;False;True;9;0.0;{'Architecture': ('64bit', 'ELF'), 'Machine': 'x86_64', 'Processor': 'x86_64', 'System': 'Linux', 'CPU Cores': 2, 'Logical CPUs': 4, 'CPU Frequency': scpufreq(current=2523.86175, min=800.0, max=3300.0), 'uname': uname_result(system='Linux', node='EliteBookFolio1040-G1', release='5.15.0-91-generic', version='#101-Ubuntu SMP Tue Nov 14 13:30:08 UTC 2023', machine='x86_64')};20240114020832;script;True;i7-4600U;2
64;2.1294612884521484;5000;False;True;9;0.15;{'Architecture': ('64bit', 'ELF'), 'Machine': 'x86_64', 'Processor': 'x86_64', 'System': 'Linux', 'CPU Cores': 2, 'Logical CPUs': 4, 'CPU Frequency': scpufreq(current=2247.82125, min=800.0, max=3300.0), 'uname': uname_result(system='Linux', node='EliteBookFolio1040-G1', release='5.15.0-91-generic', version='#101-Ubuntu SMP Tue Nov 14 13:30:08 UTC 2023', machine='x86_64')};20240114020852;script;True;i7-4600U;2
65;2.0245513916015625;5000;False;True;9;0.3;{'Architecture': ('64bit', 'ELF'), 'Machine': 'x86_64', 'Processor': 'x86_64', 'System': 'Linux', 'CPU Cores': 2, 'Logical CPUs': 4, 'CPU Frequency': scpufreq(current=2239.18725, min=800.0, max=3300.0), 'uname': uname_result(system='Linux', node='EliteBookFolio1040-G1', release='5.15.0-91-generic', version='#101-Ubuntu SMP Tue Nov 14 13:30:08 UTC 2023', machine='x86_64')};20240114020913;script;True;i7-4600U;2
66;2.1671431064605717;5000;False;False;3;0.0;{'Architecture': ('64bit', 'ELF'), 'Machine': 'x86_64', 'Processor': 'x86_64', 'System': 'Linux', 'CPU Cores': 2, 'Logical CPUs': 4, 'CPU Frequency': scpufreq(current=2529.7070000000003, min=800.0, max=3300.0), 'uname': uname_result(system='Linux', node='EliteBookFolio1040-G1', release='5.15.0-91-generic', version='#101-Ubuntu SMP Tue Nov 14 13:30:08 UTC 2023', machine='x86_64')};20240114020921;script;True;i7-4600U;2
67;2.1164865493774414;5000;False;False;3;0.15;{'Architecture': ('64bit', 'ELF'), 'Machine': 'x86_64', 'Processor': 'x86_64', 'System': 'Linux', 'CPU Cores': 2, 'Logical CPUs': 4, 'CPU Frequency': scpufreq(current=2256.18875, min=800.0, max=3300.0), 'uname': uname_result(system='Linux', node='EliteBookFolio1040-G1', release='5.15.0-91-generic', version='#101-Ubuntu SMP Tue Nov 14 13:30:08 UTC 2023', machine='x86_64')};20240114020928;script;True;i7-4600U;2
68;2.0397326946258545;5000;False;False;3;0.3;{'Architecture': ('64bit', 'ELF'), 'Machine': 'x86_64', 'Processor': 'x86_64', 'System': 'Linux', 'CPU Cores': 2, 'Logical CPUs': 4, 'CPU Frequency': scpufreq(current=2212.48575, min=800.0, max=3300.0), 'uname': uname_result(system='Linux', node='EliteBookFolio1040-G1', release='5.15.0-91-generic', version='#101-Ubuntu SMP Tue Nov 14 13:30:08 UTC 2023', machine='x86_64')};20240114020935;script;True;i7-4600U;2
69;2.1855170726776123;5000;False;False;9;0.0;{'Architecture': ('64bit', 'ELF'), 'Machine': 'x86_64', 'Processor': 'x86_64', 'System': 'Linux', 'CPU Cores': 2, 'Logical CPUs': 4, 'CPU Frequency': scpufreq(current=2272.8405000000002, min=800.0, max=3300.0), 'uname': uname_result(system='Linux', node='EliteBookFolio1040-G1', release='5.15.0-91-generic', version='#101-Ubuntu SMP Tue Nov 14 13:30:08 UTC 2023', machine='x86_64')};20240114020955;script;True;i7-4600U;2
70;2.115828275680542;5000;False;False;9;0.15;{'Architecture': ('64bit', 'ELF'), 'Machine': 'x86_64', 'Processor': 'x86_64', 'System': 'Linux', 'CPU Cores': 2, 'Logical CPUs': 4, 'CPU Frequency': scpufreq(current=2597.12275, min=800.0, max=3300.0), 'uname': uname_result(system='Linux', node='EliteBookFolio1040-G1', release='5.15.0-91-generic', version='#101-Ubuntu SMP Tue Nov 14 13:30:08 UTC 2023', machine='x86_64')};20240114021015;script;True;i7-4600U;2
71;2.019354343414306;5000;False;False;9;0.3;{'Architecture': ('64bit', 'ELF'), 'Machine': 'x86_64', 'Processor': 'x86_64', 'System': 'Linux', 'CPU Cores': 2, 'Logical CPUs': 4, 'CPU Frequency': scpufreq(current=2244.7792499999996, min=800.0, max=3300.0), 'uname': uname_result(system='Linux', node='EliteBookFolio1040-G1', release='5.15.0-91-generic', version='#101-Ubuntu SMP Tue Nov 14 13:30:08 UTC 2023', machine='x86_64')};20240114021036;script;True;i7-4600U;2
0;0.0001542568206787;100;False;True;3;0.0;{'Architecture': ('64bit', 'ELF'), 'Machine': 'x86_64', 'Processor': 'x86_64', 'System': 'Linux', 'CPU Cores': 4, 'Logical CPUs': 8, 'CPU Frequency': scpufreq(current=3799.999875, min=400.0, max=4100.0), 'uname': uname_result(system='Linux', node='X3x130', release='5.15.0-91-generic', version='#101-Ubuntu SMP Tue Nov 14 13:30:08 UTC 2023', machine='x86_64')};20240114015547;script;False;i5-8365U;4
1;0.0009334087371826;100;False;True;3;0.15;{'Architecture': ('64bit', 'ELF'), 'Machine': 'x86_64', 'Processor': 'x86_64', 'System': 'Linux', 'CPU Cores': 4, 'Logical CPUs': 8, 'CPU Frequency': scpufreq(current=3803.10975, min=400.0, max=4100.0), 'uname': uname_result(system='Linux', node='X3x130', release='5.15.0-91-generic', version='#101-Ubuntu SMP Tue Nov 14 13:30:08 UTC 2023', machine='x86_64')};20240114015548;script;False;i5-8365U;4
2;0.0010900497436523;100;False;True;3;0.3;{'Architecture': ('64bit', 'ELF'), 'Machine': 'x86_64', 'Processor': 'x86_64', 'System': 'Linux', 'CPU Cores': 4, 'Logical CPUs': 8, 'CPU Frequency': scpufreq(current=1835.323625, min=400.0, max=4100.0), 'uname': uname_result(system='Linux', node='X3x130', release='5.15.0-91-generic', version='#101-Ubuntu SMP Tue Nov 14 13:30:08 UTC 2023', machine='x86_64')};20240114015549;script;False;i5-8365U;4
3;0.0007085800170898;100;False;True;9;0.0;{'Architecture': ('64bit', 'ELF'), 'Machine': 'x86_64', 'Processor': 'x86_64', 'System': 'Linux', 'CPU Cores': 4, 'Logical CPUs': 8, 'CPU Frequency': scpufreq(current=799.9996249999999, min=400.0, max=4100.0), 'uname': uname_result(system='Linux', node='X3x130', release='5.15.0-91-generic', version='#101-Ubuntu SMP Tue Nov 14 13:30:08 UTC 2023', machine='x86_64')};20240114015549;script;False;i5-8365U;4
4;0.0008721351623535;100;False;True;9;0.15;{'Architecture': ('64bit', 'ELF'), 'Machine': 'x86_64', 'Processor': 'x86_64', 'System': 'Linux', 'CPU Cores': 4, 'Logical CPUs': 8, 'CPU Frequency': scpufreq(current=3799.999625, min=400.0, max=4100.0), 'uname': uname_result(system='Linux', node='X3x130', release='5.15.0-91-generic', version='#101-Ubuntu SMP Tue Nov 14 13:30:08 UTC 2023', machine='x86_64')};20240114015550;script;False;i5-8365U;4
5;0.001171588897705;100;False;True;9;0.3;{'Architecture': ('64bit', 'ELF'), 'Machine': 'x86_64', 'Processor': 'x86_64', 'System': 'Linux', 'CPU Cores': 4, 'Logical CPUs': 8, 'CPU Frequency': scpufreq(current=937.5001249999999, min=400.0, max=4100.0), 'uname': uname_result(system='Linux', node='X3x130', release='5.15.0-91-generic', version='#101-Ubuntu SMP Tue Nov 14 13:30:08 UTC 2023', machine='x86_64')};20240114015553;script;False;i5-8365U;4
6;0.0007169246673583;100;False;False;3;0.0;{'Architecture': ('64bit', 'ELF'), 'Machine': 'x86_64', 'Processor': 'x86_64', 'System': 'Linux', 'CPU Cores': 4, 'Logical CPUs': 8, 'CPU Frequency': scpufreq(current=820.059625, min=400.0, max=4100.0), 'uname': uname_result(system='Linux', node='X3x130', release='5.15.0-91-generic', version='#101-Ubuntu SMP Tue Nov 14 13:30:08 UTC 2023', machine='x86_64')};20240114015553;script;False;i5-8365U;4
7;0.0008060932159423;100;False;False;3;0.15;{'Architecture': ('64bit', 'ELF'), 'Machine': 'x86_64', 'Processor': 'x86_64', 'System': 'Linux', 'CPU Cores': 4, 'Logical CPUs': 8, 'CPU Frequency': scpufreq(current=2984.6383749999995, min=400.0, max=4100.0), 'uname': uname_result(system='Linux', node='X3x130', release='5.15.0-91-generic', version='#101-Ubuntu SMP Tue Nov 14 13:30:08 UTC 2023', machine='x86_64')};20240114015554;script;False;i5-8365U;4
8;0.0009989738464355;100;False;False;3;0.3;{'Architecture': ('64bit', 'ELF'), 'Machine': 'x86_64', 'Processor': 'x86_64', 'System': 'Linux', 'CPU Cores': 4, 'Logical CPUs': 8, 'CPU Frequency': scpufreq(current=1694.19175, min=400.0, max=4100.0), 'uname': uname_result(system='Linux', node='X3x130', release='5.15.0-91-generic', version='#101-Ubuntu SMP Tue Nov 14 13:30:08 UTC 2023', machine='x86_64')};20240114015555;script;False;i5-8365U;4
9;0.0006732940673828;100;False;False;9;0.0;{'Architecture': ('64bit', 'ELF'), 'Machine': 'x86_64', 'Processor': 'x86_64', 'System': 'Linux', 'CPU Cores': 4, 'Logical CPUs': 8, 'CPU Frequency': scpufreq(current=799.999875, min=400.0, max=4100.0), 'uname': uname_result(system='Linux', node='X3x130', release='5.15.0-91-generic', version='#101-Ubuntu SMP Tue Nov 14 13:30:08 UTC 2023', machine='x86_64')};20240114015555;script;False;i5-8365U;4
10;0.0002942085266113;100;False;False;9;0.15;{'Architecture': ('64bit', 'ELF'), 'Machine': 'x86_64', 'Processor': 'x86_64', 'System': 'Linux', 'CPU Cores': 4, 'Logical CPUs': 8, 'CPU Frequency': scpufreq(current=3782.408375, min=400.0, max=4100.0), 'uname': uname_result(system='Linux', node='X3x130', release='5.15.0-91-generic', version='#101-Ubuntu SMP Tue Nov 14 13:30:08 UTC 2023', machine='x86_64')};20240114015556;script;False;i5-8365U;4
11;0.0009777545928955;100;False;False;9;0.3;{'Architecture': ('64bit', 'ELF'), 'Machine': 'x86_64', 'Processor': 'x86_64', 'System': 'Linux', 'CPU Cores': 4, 'Logical CPUs': 8, 'CPU Frequency': scpufreq(current=899.998625, min=400.0, max=4100.0), 'uname': uname_result(system='Linux', node='X3x130', release='5.15.0-91-generic', version='#101-Ubuntu SMP Tue Nov 14 13:30:08 UTC 2023', machine='x86_64')};20240114015559;script;False;i5-8365U;4
12;0.0006561279296875;100;False;True;3;0.0;{'Architecture': ('64bit', 'ELF'), 'Machine': 'x86_64', 'Processor': 'x86_64', 'System': 'Linux', 'CPU Cores': 4, 'Logical CPUs': 8, 'CPU Frequency': scpufreq(current=899.999375, min=400.0, max=4100.0), 'uname': uname_result(system='Linux', node='X3x130', release='5.15.0-91-generic', version='#101-Ubuntu SMP Tue Nov 14 13:30:08 UTC 2023', machine='x86_64')};20240114015559;script;True;i5-8365U;4
13;0.0009143352508544;100;False;True;3;0.15;{'Architecture': ('64bit', 'ELF'), 'Machine': 'x86_64', 'Processor': 'x86_64', 'System': 'Linux', 'CPU Cores': 4, 'Logical CPUs': 8, 'CPU Frequency': scpufreq(current=3204.0281250000003, min=400.0, max=4100.0), 'uname': uname_result(system='Linux', node='X3x130', release='5.15.0-91-generic', version='#101-Ubuntu SMP Tue Nov 14 13:30:08 UTC 2023', machine='x86_64')};20240114015559;script;True;i5-8365U;4
14;0.0010867118835449;100;False;True;3;0.3;{'Architecture': ('64bit', 'ELF'), 'Machine': 'x86_64', 'Processor': 'x86_64', 'System': 'Linux', 'CPU Cores': 4, 'Logical CPUs': 8, 'CPU Frequency': scpufreq(current=2478.891625, min=400.0, max=4100.0), 'uname': uname_result(system='Linux', node='X3x130', release='5.15.0-91-generic', version='#101-Ubuntu SMP Tue Nov 14 13:30:08 UTC 2023', machine='x86_64')};20240114015600;script;True;i5-8365U;4
15;0.0006694793701171;100;False;True;9;0.0;{'Architecture': ('64bit', 'ELF'), 'Machine': 'x86_64', 'Processor': 'x86_64', 'System': 'Linux', 'CPU Cores': 4, 'Logical CPUs': 8, 'CPU Frequency': scpufreq(current=818.035625, min=400.0, max=4100.0), 'uname': uname_result(system='Linux', node='X3x130', release='5.15.0-91-generic', version='#101-Ubuntu SMP Tue Nov 14 13:30:08 UTC 2023', machine='x86_64')};20240114015600;script;True;i5-8365U;4
16;0.0002880096435546;100;False;True;9;0.15;{'Architecture': ('64bit', 'ELF'), 'Machine': 'x86_64', 'Processor': 'x86_64', 'System': 'Linux', 'CPU Cores': 4, 'Logical CPUs': 8, 'CPU Frequency': scpufreq(current=3758.7886249999992, min=400.0, max=4100.0), 'uname': uname_result(system='Linux', node='X3x130', release='5.15.0-91-generic', version='#101-Ubuntu SMP Tue Nov 14 13:30:08 UTC 2023', machine='x86_64')};20240114015602;script;True;i5-8365U;4
17;0.0011887550354003;100;False;True;9;0.3;{'Architecture': ('64bit', 'ELF'), 'Machine': 'x86_64', 'Processor': 'x86_64', 'System': 'Linux', 'CPU Cores': 4, 'Logical CPUs': 8, 'CPU Frequency': scpufreq(current=893.6201249999999, min=400.0, max=4100.0), 'uname': uname_result(system='Linux', node='X3x130', release='5.15.0-91-generic', version='#101-Ubuntu SMP Tue Nov 14 13:30:08 UTC 2023', machine='x86_64')};20240114015605;script;True;i5-8365U;4
18;0.0006258487701416;100;False;False;3;0.0;{'Architecture': ('64bit', 'ELF'), 'Machine': 'x86_64', 'Processor': 'x86_64', 'System': 'Linux', 'CPU Cores': 4, 'Logical CPUs': 8, 'CPU Frequency': scpufreq(current=899.9994999999999, min=400.0, max=4100.0), 'uname': uname_result(system='Linux', node='X3x130', release='5.15.0-91-generic', version='#101-Ubuntu SMP Tue Nov 14 13:30:08 UTC 2023', machine='x86_64')};20240114015605;script;True;i5-8365U;4
19;0.0003015995025634;100;False;False;3;0.15;{'Architecture': ('64bit', 'ELF'), 'Machine': 'x86_64', 'Processor': 'x86_64', 'System': 'Linux', 'CPU Cores': 4, 'Logical CPUs': 8, 'CPU Frequency': scpufreq(current=3136.05275, min=400.0, max=4100.0), 'uname': uname_result(system='Linux', node='X3x130', release='5.15.0-91-generic', version='#101-Ubuntu SMP Tue Nov 14 13:30:08 UTC 2023', machine='x86_64')};20240114015605;script;True;i5-8365U;4
20;0.0010144710540771;100;False;False;3;0.3;{'Architecture': ('64bit', 'ELF'), 'Machine': 'x86_64', 'Processor': 'x86_64', 'System': 'Linux', 'CPU Cores': 4, 'Logical CPUs': 8, 'CPU Frequency': scpufreq(current=1643.2226249999999, min=400.0, max=4100.0), 'uname': uname_result(system='Linux', node='X3x130', release='5.15.0-91-generic', version='#101-Ubuntu SMP Tue Nov 14 13:30:08 UTC 2023', machine='x86_64')};20240114015606;script;True;i5-8365U;4
21;0.0007393360137939;100;False;False;9;0.0;{'Architecture': ('64bit', 'ELF'), 'Machine': 'x86_64', 'Processor': 'x86_64', 'System': 'Linux', 'CPU Cores': 4, 'Logical CPUs': 8, 'CPU Frequency': scpufreq(current=832.297625, min=400.0, max=4100.0), 'uname': uname_result(system='Linux', node='X3x130', release='5.15.0-91-generic', version='#101-Ubuntu SMP Tue Nov 14 13:30:08 UTC 2023', machine='x86_64')};20240114015606;script;True;i5-8365U;4
22;0.0003199577331542;100;False;False;9;0.15;{'Architecture': ('64bit', 'ELF'), 'Machine': 'x86_64', 'Processor': 'x86_64', 'System': 'Linux', 'CPU Cores': 4, 'Logical CPUs': 8, 'CPU Frequency': scpufreq(current=3799.99925, min=400.0, max=4100.0), 'uname': uname_result(system='Linux', node='X3x130', release='5.15.0-91-generic', version='#101-Ubuntu SMP Tue Nov 14 13:30:08 UTC 2023', machine='x86_64')};20240114015608;script;True;i5-8365U;4
23;0.0010373592376708;100;False;False;9;0.3;{'Architecture': ('64bit', 'ELF'), 'Machine': 'x86_64', 'Processor': 'x86_64', 'System': 'Linux', 'CPU Cores': 4, 'Logical CPUs': 8, 'CPU Frequency': scpufreq(current=896.6861250000001, min=400.0, max=4100.0), 'uname': uname_result(system='Linux', node='X3x130', release='5.15.0-91-generic', version='#101-Ubuntu SMP Tue Nov 14 13:30:08 UTC 2023', machine='x86_64')};20240114015611;script;True;i5-8365U;4
24;0.1395266056060791;2550;False;True;3;0.0;{'Architecture': ('64bit', 'ELF'), 'Machine': 'x86_64', 'Processor': 'x86_64', 'System': 'Linux', 'CPU Cores': 4, 'Logical CPUs': 8, 'CPU Frequency': scpufreq(current=2750.284, min=400.0, max=4100.0), 'uname': uname_result(system='Linux', node='X3x130', release='5.15.0-91-generic', version='#101-Ubuntu SMP Tue Nov 14 13:30:08 UTC 2023', machine='x86_64')};20240114015611;script;False;i5-8365U;4
25;0.1311836242675781;2550;False;True;3;0.15;{'Architecture': ('64bit', 'ELF'), 'Machine': 'x86_64', 'Processor': 'x86_64', 'System': 'Linux', 'CPU Cores': 4, 'Logical CPUs': 8, 'CPU Frequency': scpufreq(current=3257.372375, min=400.0, max=4100.0), 'uname': uname_result(system='Linux', node='X3x130', release='5.15.0-91-generic', version='#101-Ubuntu SMP Tue Nov 14 13:30:08 UTC 2023', machine='x86_64')};20240114015612;script;False;i5-8365U;4
26;0.2177753448486328;2550;False;True;3;0.3;{'Architecture': ('64bit', 'ELF'), 'Machine': 'x86_64', 'Processor': 'x86_64', 'System': 'Linux', 'CPU Cores': 4, 'Logical CPUs': 8, 'CPU Frequency': scpufreq(current=3209.83775, min=400.0, max=4100.0), 'uname': uname_result(system='Linux', node='X3x130', release='5.15.0-91-generic', version='#101-Ubuntu SMP Tue Nov 14 13:30:08 UTC 2023', machine='x86_64')};20240114015614;script;False;i5-8365U;4
27;0.1344516277313232;2550;False;True;9;0.0;{'Architecture': ('64bit', 'ELF'), 'Machine': 'x86_64', 'Processor': 'x86_64', 'System': 'Linux', 'CPU Cores': 4, 'Logical CPUs': 8, 'CPU Frequency': scpufreq(current=3172.58175, min=400.0, max=4100.0), 'uname': uname_result(system='Linux', node='X3x130', release='5.15.0-91-generic', version='#101-Ubuntu SMP Tue Nov 14 13:30:08 UTC 2023', machine='x86_64')};20240114015615;script;False;i5-8365U;4
28;0.1593372821807861;2550;False;True;9;0.15;{'Architecture': ('64bit', 'ELF'), 'Machine': 'x86_64', 'Processor': 'x86_64', 'System': 'Linux', 'CPU Cores': 4, 'Logical CPUs': 8, 'CPU Frequency': scpufreq(current=2100.007, min=400.0, max=4100.0), 'uname': uname_result(system='Linux', node='X3x130', release='5.15.0-91-generic', version='#101-Ubuntu SMP Tue Nov 14 13:30:08 UTC 2023', machine='x86_64')};20240114015618;script;False;i5-8365U;4
29;0.2242987155914306;2550;False;True;9;0.3;{'Architecture': ('64bit', 'ELF'), 'Machine': 'x86_64', 'Processor': 'x86_64', 'System': 'Linux', 'CPU Cores': 4, 'Logical CPUs': 8, 'CPU Frequency': scpufreq(current=3175.8913749999997, min=400.0, max=4100.0), 'uname': uname_result(system='Linux', node='X3x130', release='5.15.0-91-generic', version='#101-Ubuntu SMP Tue Nov 14 13:30:08 UTC 2023', machine='x86_64')};20240114015622;script;False;i5-8365U;4
30;0.1582398414611816;2550;False;False;3;0.0;{'Architecture': ('64bit', 'ELF'), 'Machine': 'x86_64', 'Processor': 'x86_64', 'System': 'Linux', 'CPU Cores': 4, 'Logical CPUs': 8, 'CPU Frequency': scpufreq(current=2471.7535000000003, min=400.0, max=4100.0), 'uname': uname_result(system='Linux', node='X3x130', release='5.15.0-91-generic', version='#101-Ubuntu SMP Tue Nov 14 13:30:08 UTC 2023', machine='x86_64')};20240114015623;script;False;i5-8365U;4
31;0.1679961681365966;2550;False;False;3;0.15;{'Architecture': ('64bit', 'ELF'), 'Machine': 'x86_64', 'Processor': 'x86_64', 'System': 'Linux', 'CPU Cores': 4, 'Logical CPUs': 8, 'CPU Frequency': scpufreq(current=2181.0723749999997, min=400.0, max=4100.0), 'uname': uname_result(system='Linux', node='X3x130', release='5.15.0-91-generic', version='#101-Ubuntu SMP Tue Nov 14 13:30:08 UTC 2023', machine='x86_64')};20240114015624;script;False;i5-8365U;4
32;0.2193784713745117;2550;False;False;3;0.3;{'Architecture': ('64bit', 'ELF'), 'Machine': 'x86_64', 'Processor': 'x86_64', 'System': 'Linux', 'CPU Cores': 4, 'Logical CPUs': 8, 'CPU Frequency': scpufreq(current=3251.36975, min=400.0, max=4100.0), 'uname': uname_result(system='Linux', node='X3x130', release='5.15.0-91-generic', version='#101-Ubuntu SMP Tue Nov 14 13:30:08 UTC 2023', machine='x86_64')};20240114015626;script;False;i5-8365U;4
33;0.1754817962646484;2550;False;False;9;0.0;{'Architecture': ('64bit', 'ELF'), 'Machine': 'x86_64', 'Processor': 'x86_64', 'System': 'Linux', 'CPU Cores': 4, 'Logical CPUs': 8, 'CPU Frequency': scpufreq(current=1900.004625, min=400.0, max=4100.0), 'uname': uname_result(system='Linux', node='X3x130', release='5.15.0-91-generic', version='#101-Ubuntu SMP Tue Nov 14 13:30:08 UTC 2023', machine='x86_64')};20240114015627;script;False;i5-8365U;4
34;0.1581096649169922;2550;False;False;9;0.15;{'Architecture': ('64bit', 'ELF'), 'Machine': 'x86_64', 'Processor': 'x86_64', 'System': 'Linux', 'CPU Cores': 4, 'Logical CPUs': 8, 'CPU Frequency': scpufreq(current=2099.99575, min=400.0, max=4100.0), 'uname': uname_result(system='Linux', node='X3x130', release='5.15.0-91-generic', version='#101-Ubuntu SMP Tue Nov 14 13:30:08 UTC 2023', machine='x86_64')};20240114015630;script;False;i5-8365U;4
35;0.2176766395568847;2550;False;False;9;0.3;{'Architecture': ('64bit', 'ELF'), 'Machine': 'x86_64', 'Processor': 'x86_64', 'System': 'Linux', 'CPU Cores': 4, 'Logical CPUs': 8, 'CPU Frequency': scpufreq(current=3152.30075, min=400.0, max=4100.0), 'uname': uname_result(system='Linux', node='X3x130', release='5.15.0-91-generic', version='#101-Ubuntu SMP Tue Nov 14 13:30:08 UTC 2023', machine='x86_64')};20240114015635;script;False;i5-8365U;4
36;0.1650910377502441;2550;False;True;3;0.0;{'Architecture': ('64bit', 'ELF'), 'Machine': 'x86_64', 'Processor': 'x86_64', 'System': 'Linux', 'CPU Cores': 4, 'Logical CPUs': 8, 'CPU Frequency': scpufreq(current=2444.74125, min=400.0, max=4100.0), 'uname': uname_result(system='Linux', node='X3x130', release='5.15.0-91-generic', version='#101-Ubuntu SMP Tue Nov 14 13:30:08 UTC 2023', machine='x86_64')};20240114015636;script;True;i5-8365U;4
37;0.1715202331542968;2550;False;True;3;0.15;{'Architecture': ('64bit', 'ELF'), 'Machine': 'x86_64', 'Processor': 'x86_64', 'System': 'Linux', 'CPU Cores': 4, 'Logical CPUs': 8, 'CPU Frequency': scpufreq(current=2201.291, min=400.0, max=4100.0), 'uname': uname_result(system='Linux', node='X3x130', release='5.15.0-91-generic', version='#101-Ubuntu SMP Tue Nov 14 13:30:08 UTC 2023', machine='x86_64')};20240114015637;script;True;i5-8365U;4
38;0.2214906215667724;2550;False;True;3;0.3;{'Architecture': ('64bit', 'ELF'), 'Machine': 'x86_64', 'Processor': 'x86_64', 'System': 'Linux', 'CPU Cores': 4, 'Logical CPUs': 8, 'CPU Frequency': scpufreq(current=3193.656375, min=400.0, max=4100.0), 'uname': uname_result(system='Linux', node='X3x130', release='5.15.0-91-generic', version='#101-Ubuntu SMP Tue Nov 14 13:30:08 UTC 2023', machine='x86_64')};20240114015638;script;True;i5-8365U;4
39;0.1811771392822265;2550;False;True;9;0.0;{'Architecture': ('64bit', 'ELF'), 'Machine': 'x86_64', 'Processor': 'x86_64', 'System': 'Linux', 'CPU Cores': 4, 'Logical CPUs': 8, 'CPU Frequency': scpufreq(current=1936.81575, min=400.0, max=4100.0), 'uname': uname_result(system='Linux', node='X3x130', release='5.15.0-91-generic', version='#101-Ubuntu SMP Tue Nov 14 13:30:08 UTC 2023', machine='x86_64')};20240114015640;script;True;i5-8365U;4
40;0.1606903076171875;2550;False;True;9;0.15;{'Architecture': ('64bit', 'ELF'), 'Machine': 'x86_64', 'Processor': 'x86_64', 'System': 'Linux', 'CPU Cores': 4, 'Logical CPUs': 8, 'CPU Frequency': scpufreq(current=2100.017625, min=400.0, max=4100.0), 'uname': uname_result(system='Linux', node='X3x130', release='5.15.0-91-generic', version='#101-Ubuntu SMP Tue Nov 14 13:30:08 UTC 2023', machine='x86_64')};20240114015643;script;True;i5-8365U;4
41;0.2177236080169677;2550;False;True;9;0.3;{'Architecture': ('64bit', 'ELF'), 'Machine': 'x86_64', 'Processor': 'x86_64', 'System': 'Linux', 'CPU Cores': 4, 'Logical CPUs': 8, 'CPU Frequency': scpufreq(current=3218.07125, min=400.0, max=4100.0), 'uname': uname_result(system='Linux', node='X3x130', release='5.15.0-91-generic', version='#101-Ubuntu SMP Tue Nov 14 13:30:08 UTC 2023', machine='x86_64')};20240114015647;script;True;i5-8365U;4
42;0.1525604724884033;2550;False;False;3;0.0;{'Architecture': ('64bit', 'ELF'), 'Machine': 'x86_64', 'Processor': 'x86_64', 'System': 'Linux', 'CPU Cores': 4, 'Logical CPUs': 8, 'CPU Frequency': scpufreq(current=2623.7668749999993, min=400.0, max=4100.0), 'uname': uname_result(system='Linux', node='X3x130', release='5.15.0-91-generic', version='#101-Ubuntu SMP Tue Nov 14 13:30:08 UTC 2023', machine='x86_64')};20240114015648;script;True;i5-8365U;4
43;0.1602675914764404;2550;False;False;3;0.15;{'Architecture': ('64bit', 'ELF'), 'Machine': 'x86_64', 'Processor': 'x86_64', 'System': 'Linux', 'CPU Cores': 4, 'Logical CPUs': 8, 'CPU Frequency': scpufreq(current=2191.118, min=400.0, max=4100.0), 'uname': uname_result(system='Linux', node='X3x130', release='5.15.0-91-generic', version='#101-Ubuntu SMP Tue Nov 14 13:30:08 UTC 2023', machine='x86_64')};20240114015649;script;True;i5-8365U;4
44;0.2205073833465576;2550;False;False;3;0.3;{'Architecture': ('64bit', 'ELF'), 'Machine': 'x86_64', 'Processor': 'x86_64', 'System': 'Linux', 'CPU Cores': 4, 'Logical CPUs': 8, 'CPU Frequency': scpufreq(current=3168.9162499999998, min=400.0, max=4100.0), 'uname': uname_result(system='Linux', node='X3x130', release='5.15.0-91-generic', version='#101-Ubuntu SMP Tue Nov 14 13:30:08 UTC 2023', machine='x86_64')};20240114015651;script;True;i5-8365U;4
45;0.1788029670715332;2550;False;False;9;0.0;{'Architecture': ('64bit', 'ELF'), 'Machine': 'x86_64', 'Processor': 'x86_64', 'System': 'Linux', 'CPU Cores': 4, 'Logical CPUs': 8, 'CPU Frequency': scpufreq(current=1946.931, min=400.0, max=4100.0), 'uname': uname_result(system='Linux', node='X3x130', release='5.15.0-91-generic', version='#101-Ubuntu SMP Tue Nov 14 13:30:08 UTC 2023', machine='x86_64')};20240114015652;script;True;i5-8365U;4
46;0.1598703861236572;2550;False;False;9;0.15;{'Architecture': ('64bit', 'ELF'), 'Machine': 'x86_64', 'Processor': 'x86_64', 'System': 'Linux', 'CPU Cores': 4, 'Logical CPUs': 8, 'CPU Frequency': scpufreq(current=2099.998125, min=400.0, max=4100.0), 'uname': uname_result(system='Linux', node='X3x130', release='5.15.0-91-generic', version='#101-Ubuntu SMP Tue Nov 14 13:30:08 UTC 2023', machine='x86_64')};20240114015655;script;True;i5-8365U;4
47;0.2182221412658691;2550;False;False;9;0.3;{'Architecture': ('64bit', 'ELF'), 'Machine': 'x86_64', 'Processor': 'x86_64', 'System': 'Linux', 'CPU Cores': 4, 'Logical CPUs': 8, 'CPU Frequency': scpufreq(current=3156.4352500000005, min=400.0, max=4100.0), 'uname': uname_result(system='Linux', node='X3x130', release='5.15.0-91-generic', version='#101-Ubuntu SMP Tue Nov 14 13:30:08 UTC 2023', machine='x86_64')};20240114015700;script;True;i5-8365U;4
48;1.2557690143585205;5000;False;True;3;0.0;{'Architecture': ('64bit', 'ELF'), 'Machine': 'x86_64', 'Processor': 'x86_64', 'System': 'Linux', 'CPU Cores': 4, 'Logical CPUs': 8, 'CPU Frequency': scpufreq(current=1900.0075, min=400.0, max=4100.0), 'uname': uname_result(system='Linux', node='X3x130', release='5.15.0-91-generic', version='#101-Ubuntu SMP Tue Nov 14 13:30:08 UTC 2023', machine='x86_64')};20240114015704;script;False;i5-8365U;4
49;1.1856260299682615;5000;False;True;3;0.15;{'Architecture': ('64bit', 'ELF'), 'Machine': 'x86_64', 'Processor': 'x86_64', 'System': 'Linux', 'CPU Cores': 4, 'Logical CPUs': 8, 'CPU Frequency': scpufreq(current=2000.0027499999999, min=400.0, max=4100.0), 'uname': uname_result(system='Linux', node='X3x130', release='5.15.0-91-generic', version='#101-Ubuntu SMP Tue Nov 14 13:30:08 UTC 2023', machine='x86_64')};20240114015708;script;False;i5-8365U;4
50;1.2487411499023438;5000;False;True;3;0.3;{'Architecture': ('64bit', 'ELF'), 'Machine': 'x86_64', 'Processor': 'x86_64', 'System': 'Linux', 'CPU Cores': 4, 'Logical CPUs': 8, 'CPU Frequency': scpufreq(current=2000.00175, min=400.0, max=4100.0), 'uname': uname_result(system='Linux', node='X3x130', release='5.15.0-91-generic', version='#101-Ubuntu SMP Tue Nov 14 13:30:08 UTC 2023', machine='x86_64')};20240114015713;script;False;i5-8365U;4
51;1.2696287631988523;5000;False;True;9;0.0;{'Architecture': ('64bit', 'ELF'), 'Machine': 'x86_64', 'Processor': 'x86_64', 'System': 'Linux', 'CPU Cores': 4, 'Logical CPUs': 8, 'CPU Frequency': scpufreq(current=1900.003125, min=400.0, max=4100.0), 'uname': uname_result(system='Linux', node='X3x130', release='5.15.0-91-generic', version='#101-Ubuntu SMP Tue Nov 14 13:30:08 UTC 2023', machine='x86_64')};20240114015724;script;False;i5-8365U;4
52;1.2147696018218994;5000;False;True;9;0.15;{'Architecture': ('64bit', 'ELF'), 'Machine': 'x86_64', 'Processor': 'x86_64', 'System': 'Linux', 'CPU Cores': 4, 'Logical CPUs': 8, 'CPU Frequency': scpufreq(current=1990.0308750000002, min=400.0, max=4100.0), 'uname': uname_result(system='Linux', node='X3x130', release='5.15.0-91-generic', version='#101-Ubuntu SMP Tue Nov 14 13:30:08 UTC 2023', machine='x86_64')};20240114015737;script;False;i5-8365U;4
53;1.2034106254577637;5000;False;True;9;0.3;{'Architecture': ('64bit', 'ELF'), 'Machine': 'x86_64', 'Processor': 'x86_64', 'System': 'Linux', 'CPU Cores': 4, 'Logical CPUs': 8, 'CPU Frequency': scpufreq(current=2000.0017500000001, min=400.0, max=4100.0), 'uname': uname_result(system='Linux', node='X3x130', release='5.15.0-91-generic', version='#101-Ubuntu SMP Tue Nov 14 13:30:08 UTC 2023', machine='x86_64')};20240114015751;script;False;i5-8365U;4
54;1.247000217437744;5000;False;False;3;0.0;{'Architecture': ('64bit', 'ELF'), 'Machine': 'x86_64', 'Processor': 'x86_64', 'System': 'Linux', 'CPU Cores': 4, 'Logical CPUs': 8, 'CPU Frequency': scpufreq(current=1899.9995, min=400.0, max=4100.0), 'uname': uname_result(system='Linux', node='X3x130', release='5.15.0-91-generic', version='#101-Ubuntu SMP Tue Nov 14 13:30:08 UTC 2023', machine='x86_64')};20240114015755;script;False;i5-8365U;4
55;1.1692359447479248;5000;False;False;3;0.15;{'Architecture': ('64bit', 'ELF'), 'Machine': 'x86_64', 'Processor': 'x86_64', 'System': 'Linux', 'CPU Cores': 4, 'Logical CPUs': 8, 'CPU Frequency': scpufreq(current=1900.002375, min=400.0, max=4100.0), 'uname': uname_result(system='Linux', node='X3x130', release='5.15.0-91-generic', version='#101-Ubuntu SMP Tue Nov 14 13:30:08 UTC 2023', machine='x86_64')};20240114015759;script;False;i5-8365U;4
56;1.2546796798706057;5000;False;False;3;0.3;{'Architecture': ('64bit', 'ELF'), 'Machine': 'x86_64', 'Processor': 'x86_64', 'System': 'Linux', 'CPU Cores': 4, 'Logical CPUs': 8, 'CPU Frequency': scpufreq(current=2000.000625, min=400.0, max=4100.0), 'uname': uname_result(system='Linux', node='X3x130', release='5.15.0-91-generic', version='#101-Ubuntu SMP Tue Nov 14 13:30:08 UTC 2023', machine='x86_64')};20240114015804;script;False;i5-8365U;4
57;1.2859597206115725;5000;False;False;9;0.0;{'Architecture': ('64bit', 'ELF'), 'Machine': 'x86_64', 'Processor': 'x86_64', 'System': 'Linux', 'CPU Cores': 4, 'Logical CPUs': 8, 'CPU Frequency': scpufreq(current=2000.000375, min=400.0, max=4100.0), 'uname': uname_result(system='Linux', node='X3x130', release='5.15.0-91-generic', version='#101-Ubuntu SMP Tue Nov 14 13:30:08 UTC 2023', machine='x86_64')};20240114015815;script;False;i5-8365U;4
58;1.1910107135772705;5000;False;False;9;0.15;{'Architecture': ('64bit', 'ELF'), 'Machine': 'x86_64', 'Processor': 'x86_64', 'System': 'Linux', 'CPU Cores': 4, 'Logical CPUs': 8, 'CPU Frequency': scpufreq(current=1900.002875, min=400.0, max=4100.0), 'uname': uname_result(system='Linux', node='X3x130', release='5.15.0-91-generic', version='#101-Ubuntu SMP Tue Nov 14 13:30:08 UTC 2023', machine='x86_64')};20240114015828;script;False;i5-8365U;4
59;1.194002389907837;5000;False;False;9;0.3;{'Architecture': ('64bit', 'ELF'), 'Machine': 'x86_64', 'Processor': 'x86_64', 'System': 'Linux', 'CPU Cores': 4, 'Logical CPUs': 8, 'CPU Frequency': scpufreq(current=2099.9995, min=400.0, max=4100.0), 'uname': uname_result(system='Linux', node='X3x130', release='5.15.0-91-generic', version='#101-Ubuntu SMP Tue Nov 14 13:30:08 UTC 2023', machine='x86_64')};20240114015841;script;False;i5-8365U;4
60;1.7423269748687744;5000;False;True;3;0.0;{'Architecture': ('64bit', 'ELF'), 'Machine': 'x86_64', 'Processor': 'x86_64', 'System': 'Linux', 'CPU Cores': 4, 'Logical CPUs': 8, 'CPU Frequency': scpufreq(current=2100.003125, min=400.0, max=4100.0), 'uname': uname_result(system='Linux', node='X3x130', release='5.15.0-91-generic', version='#101-Ubuntu SMP Tue Nov 14 13:30:08 UTC 2023', machine='x86_64')};20240114015849;script;True;i5-8365U;4
61;1.3338146209716797;5000;False;True;3;0.15;{'Architecture': ('64bit', 'ELF'), 'Machine': 'x86_64', 'Processor': 'x86_64', 'System': 'Linux', 'CPU Cores': 4, 'Logical CPUs': 8, 'CPU Frequency': scpufreq(current=1999.9982499999999, min=400.0, max=4100.0), 'uname': uname_result(system='Linux', node='X3x130', release='5.15.0-91-generic', version='#101-Ubuntu SMP Tue Nov 14 13:30:08 UTC 2023', machine='x86_64')};20240114015853;script;True;i5-8365U;4
62;1.1580452919006348;5000;False;True;3;0.3;{'Architecture': ('64bit', 'ELF'), 'Machine': 'x86_64', 'Processor': 'x86_64', 'System': 'Linux', 'CPU Cores': 4, 'Logical CPUs': 8, 'CPU Frequency': scpufreq(current=2000.000125, min=400.0, max=4100.0), 'uname': uname_result(system='Linux', node='X3x130', release='5.15.0-91-generic', version='#101-Ubuntu SMP Tue Nov 14 13:30:08 UTC 2023', machine='x86_64')};20240114015858;script;True;i5-8365U;4
63;1.2112388610839844;5000;False;True;9;0.0;{'Architecture': ('64bit', 'ELF'), 'Machine': 'x86_64', 'Processor': 'x86_64', 'System': 'Linux', 'CPU Cores': 4, 'Logical CPUs': 8, 'CPU Frequency': scpufreq(current=1999.99975, min=400.0, max=4100.0), 'uname': uname_result(system='Linux', node='X3x130', release='5.15.0-91-generic', version='#101-Ubuntu SMP Tue Nov 14 13:30:08 UTC 2023', machine='x86_64')};20240114015909;script;True;i5-8365U;4
64;1.153050422668457;5000;False;True;9;0.15;{'Architecture': ('64bit', 'ELF'), 'Machine': 'x86_64', 'Processor': 'x86_64', 'System': 'Linux', 'CPU Cores': 4, 'Logical CPUs': 8, 'CPU Frequency': scpufreq(current=1961.6892500000001, min=400.0, max=4100.0), 'uname': uname_result(system='Linux', node='X3x130', release='5.15.0-91-generic', version='#101-Ubuntu SMP Tue Nov 14 13:30:08 UTC 2023', machine='x86_64')};20240114015921;script;True;i5-8365U;4
65;1.161059856414795;5000;False;True;9;0.3;{'Architecture': ('64bit', 'ELF'), 'Machine': 'x86_64', 'Processor': 'x86_64', 'System': 'Linux', 'CPU Cores': 4, 'Logical CPUs': 8, 'CPU Frequency': scpufreq(current=1988.7201249999998, min=400.0, max=4100.0), 'uname': uname_result(system='Linux', node='X3x130', release='5.15.0-91-generic', version='#101-Ubuntu SMP Tue Nov 14 13:30:08 UTC 2023', machine='x86_64')};20240114015934;script;True;i5-8365U;4
66;1.174508810043335;5000;False;False;3;0.0;{'Architecture': ('64bit', 'ELF'), 'Machine': 'x86_64', 'Processor': 'x86_64', 'System': 'Linux', 'CPU Cores': 4, 'Logical CPUs': 8, 'CPU Frequency': scpufreq(current=1900.018125, min=400.0, max=4100.0), 'uname': uname_result(system='Linux', node='X3x130', release='5.15.0-91-generic', version='#101-Ubuntu SMP Tue Nov 14 13:30:08 UTC 2023', machine='x86_64')};20240114015939;script;True;i5-8365U;4
67;1.1902687549591064;5000;False;False;3;0.15;{'Architecture': ('64bit', 'ELF'), 'Machine': 'x86_64', 'Processor': 'x86_64', 'System': 'Linux', 'CPU Cores': 4, 'Logical CPUs': 8, 'CPU Frequency': scpufreq(current=1999.998875, min=400.0, max=4100.0), 'uname': uname_result(system='Linux', node='X3x130', release='5.15.0-91-generic', version='#101-Ubuntu SMP Tue Nov 14 13:30:08 UTC 2023', machine='x86_64')};20240114015943;script;True;i5-8365U;4
68;1.183058500289917;5000;False;False;3;0.3;{'Architecture': ('64bit', 'ELF'), 'Machine': 'x86_64', 'Processor': 'x86_64', 'System': 'Linux', 'CPU Cores': 4, 'Logical CPUs': 8, 'CPU Frequency': scpufreq(current=2000.0016249999999, min=400.0, max=4100.0), 'uname': uname_result(system='Linux', node='X3x130', release='5.15.0-91-generic', version='#101-Ubuntu SMP Tue Nov 14 13:30:08 UTC 2023', machine='x86_64')};20240114015948;script;True;i5-8365U;4
69;1.1834027767181396;5000;False;False;9;0.0;{'Architecture': ('64bit', 'ELF'), 'Machine': 'x86_64', 'Processor': 'x86_64', 'System': 'Linux', 'CPU Cores': 4, 'Logical CPUs': 8, 'CPU Frequency': scpufreq(current=1981.8489999999997, min=400.0, max=4100.0), 'uname': uname_result(system='Linux', node='X3x130', release='5.15.0-91-generic', version='#101-Ubuntu SMP Tue Nov 14 13:30:08 UTC 2023', machine='x86_64')};20240114015958;script;True;i5-8365U;4
70;1.1613857746124268;5000;False;False;9;0.15;{'Architecture': ('64bit', 'ELF'), 'Machine': 'x86_64', 'Processor': 'x86_64', 'System': 'Linux', 'CPU Cores': 4, 'Logical CPUs': 8, 'CPU Frequency': scpufreq(current=1999.998875, min=400.0, max=4100.0), 'uname': uname_result(system='Linux', node='X3x130', release='5.15.0-91-generic', version='#101-Ubuntu SMP Tue Nov 14 13:30:08 UTC 2023', machine='x86_64')};20240114020011;script;True;i5-8365U;4
71;1.1870272159576416;5000;False;False;9;0.3;{'Architecture': ('64bit', 'ELF'), 'Machine': 'x86_64', 'Processor': 'x86_64', 'System': 'Linux', 'CPU Cores': 4, 'Logical CPUs': 8, 'CPU Frequency': scpufreq(current=1999.9985, min=400.0, max=4100.0), 'uname': uname_result(system='Linux', node='X3x130', release='5.15.0-91-generic', version='#101-Ubuntu SMP Tue Nov 14 13:30:08 UTC 2023', machine='x86_64')};20240114020024;script;True;i5-8365U;4
0;0.00700044631958;100;False;True;3;0.0;{'Architecture': ('64bit', 'WindowsPE'), 'Machine': 'AMD64', 'Processor': 'AMD64 Family 23 Model 96 Stepping 1, AuthenticAMD', 'System': 'Windows', 'CPU Cores': 8, 'Logical CPUs': 16, 'CPU Frequency': scpufreq(current=1700.0, min=0.0, max=1700.0), 'uname': uname_result(system='Windows', node='NightFury', release='10', version='10.0.19045', machine='AMD64')};20240114020428;script;False;Ryzen_7_4750U;8
1;0.0049891471862792;100;False;True;3;0.15;{'Architecture': ('64bit', 'WindowsPE'), 'Machine': 'AMD64', 'Processor': 'AMD64 Family 23 Model 96 Stepping 1, AuthenticAMD', 'System': 'Windows', 'CPU Cores': 8, 'Logical CPUs': 16, 'CPU Frequency': scpufreq(current=1700.0, min=0.0, max=1700.0), 'uname': uname_result(system='Windows', node='NightFury', release='10', version='10.0.19045', machine='AMD64')};20240114020429;script;False;Ryzen_7_4750U;8
2;0.0069875717163085;100;False;True;3;0.3;{'Architecture': ('64bit', 'WindowsPE'), 'Machine': 'AMD64', 'Processor': 'AMD64 Family 23 Model 96 Stepping 1, AuthenticAMD', 'System': 'Windows', 'CPU Cores': 8, 'Logical CPUs': 16, 'CPU Frequency': scpufreq(current=1700.0, min=0.0, max=1700.0), 'uname': uname_result(system='Windows', node='NightFury', release='10', version='10.0.19045', machine='AMD64')};20240114020430;script;False;Ryzen_7_4750U;8
3;0.0150055885314941;100;False;True;9;0.0;{'Architecture': ('64bit', 'WindowsPE'), 'Machine': 'AMD64', 'Processor': 'AMD64 Family 23 Model 96 Stepping 1, AuthenticAMD', 'System': 'Windows', 'CPU Cores': 8, 'Logical CPUs': 16, 'CPU Frequency': scpufreq(current=1700.0, min=0.0, max=1700.0), 'uname': uname_result(system='Windows', node='NightFury', release='10', version='10.0.19045', machine='AMD64')};20240114020430;script;False;Ryzen_7_4750U;8
4;0.0270013809204101;100;False;True;9;0.15;{'Architecture': ('64bit', 'WindowsPE'), 'Machine': 'AMD64', 'Processor': 'AMD64 Family 23 Model 96 Stepping 1, AuthenticAMD', 'System': 'Windows', 'CPU Cores': 8, 'Logical CPUs': 16, 'CPU Frequency': scpufreq(current=1700.0, min=0.0, max=1700.0), 'uname': uname_result(system='Windows', node='NightFury', release='10', version='10.0.19045', machine='AMD64')};20240114020432;script;False;Ryzen_7_4750U;8
5;0.0029945373535156;100;False;True;9;0.3;{'Architecture': ('64bit', 'WindowsPE'), 'Machine': 'AMD64', 'Processor': 'AMD64 Family 23 Model 96 Stepping 1, AuthenticAMD', 'System': 'Windows', 'CPU Cores': 8, 'Logical CPUs': 16, 'CPU Frequency': scpufreq(current=1700.0, min=0.0, max=1700.0), 'uname': uname_result(system='Windows', node='NightFury', release='10', version='10.0.19045', machine='AMD64')};20240114020434;script;False;Ryzen_7_4750U;8
6;0.0020010471343994;100;False;False;3;0.0;{'Architecture': ('64bit', 'WindowsPE'), 'Machine': 'AMD64', 'Processor': 'AMD64 Family 23 Model 96 Stepping 1, AuthenticAMD', 'System': 'Windows', 'CPU Cores': 8, 'Logical CPUs': 16, 'CPU Frequency': scpufreq(current=1700.0, min=0.0, max=1700.0), 'uname': uname_result(system='Windows', node='NightFury', release='10', version='10.0.19045', machine='AMD64')};20240114020434;script;False;Ryzen_7_4750U;8
7;0.0029811859130859;100;False;False;3;0.15;{'Architecture': ('64bit', 'WindowsPE'), 'Machine': 'AMD64', 'Processor': 'AMD64 Family 23 Model 96 Stepping 1, AuthenticAMD', 'System': 'Windows', 'CPU Cores': 8, 'Logical CPUs': 16, 'CPU Frequency': scpufreq(current=1700.0, min=0.0, max=1700.0), 'uname': uname_result(system='Windows', node='NightFury', release='10', version='10.0.19045', machine='AMD64')};20240114020435;script;False;Ryzen_7_4750U;8
8;0.0029864311218261;100;False;False;3;0.3;{'Architecture': ('64bit', 'WindowsPE'), 'Machine': 'AMD64', 'Processor': 'AMD64 Family 23 Model 96 Stepping 1, AuthenticAMD', 'System': 'Windows', 'CPU Cores': 8, 'Logical CPUs': 16, 'CPU Frequency': scpufreq(current=1700.0, min=0.0, max=1700.0), 'uname': uname_result(system='Windows', node='NightFury', release='10', version='10.0.19045', machine='AMD64')};20240114020436;script;False;Ryzen_7_4750U;8
9;0.002000093460083;100;False;False;9;0.0;{'Architecture': ('64bit', 'WindowsPE'), 'Machine': 'AMD64', 'Processor': 'AMD64 Family 23 Model 96 Stepping 1, AuthenticAMD', 'System': 'Windows', 'CPU Cores': 8, 'Logical CPUs': 16, 'CPU Frequency': scpufreq(current=1700.0, min=0.0, max=1700.0), 'uname': uname_result(system='Windows', node='NightFury', release='10', version='10.0.19045', machine='AMD64')};20240114020436;script;False;Ryzen_7_4750U;8
10;0.0029993057250976;100;False;False;9;0.15;{'Architecture': ('64bit', 'WindowsPE'), 'Machine': 'AMD64', 'Processor': 'AMD64 Family 23 Model 96 Stepping 1, AuthenticAMD', 'System': 'Windows', 'CPU Cores': 8, 'Logical CPUs': 16, 'CPU Frequency': scpufreq(current=1700.0, min=0.0, max=1700.0), 'uname': uname_result(system='Windows', node='NightFury', release='10', version='10.0.19045', machine='AMD64')};20240114020437;script;False;Ryzen_7_4750U;8
11;0.0029881000518798;100;False;False;9;0.3;{'Architecture': ('64bit', 'WindowsPE'), 'Machine': 'AMD64', 'Processor': 'AMD64 Family 23 Model 96 Stepping 1, AuthenticAMD', 'System': 'Windows', 'CPU Cores': 8, 'Logical CPUs': 16, 'CPU Frequency': scpufreq(current=1700.0, min=0.0, max=1700.0), 'uname': uname_result(system='Windows', node='NightFury', release='10', version='10.0.19045', machine='AMD64')};20240114020440;script;False;Ryzen_7_4750U;8
12;0.0150039196014404;100;False;True;3;0.0;{'Architecture': ('64bit', 'WindowsPE'), 'Machine': 'AMD64', 'Processor': 'AMD64 Family 23 Model 96 Stepping 1, AuthenticAMD', 'System': 'Windows', 'CPU Cores': 8, 'Logical CPUs': 16, 'CPU Frequency': scpufreq(current=1700.0, min=0.0, max=1700.0), 'uname': uname_result(system='Windows', node='NightFury', release='10', version='10.0.19045', machine='AMD64')};20240114020440;script;True;Ryzen_7_4750U;8
13;0.0025045871734619;100;False;True;3;0.15;{'Architecture': ('64bit', 'WindowsPE'), 'Machine': 'AMD64', 'Processor': 'AMD64 Family 23 Model 96 Stepping 1, AuthenticAMD', 'System': 'Windows', 'CPU Cores': 8, 'Logical CPUs': 16, 'CPU Frequency': scpufreq(current=1700.0, min=0.0, max=1700.0), 'uname': uname_result(system='Windows', node='NightFury', release='10', version='10.0.19045', machine='AMD64')};20240114020440;script;True;Ryzen_7_4750U;8
14;0.0100126266479492;100;False;True;3;0.3;{'Architecture': ('64bit', 'WindowsPE'), 'Machine': 'AMD64', 'Processor': 'AMD64 Family 23 Model 96 Stepping 1, AuthenticAMD', 'System': 'Windows', 'CPU Cores': 8, 'Logical CPUs': 16, 'CPU Frequency': scpufreq(current=1700.0, min=0.0, max=1700.0), 'uname': uname_result(system='Windows', node='NightFury', release='10', version='10.0.19045', machine='AMD64')};20240114020441;script;True;Ryzen_7_4750U;8
15;0.0020012855529785;100;False;True;9;0.0;{'Architecture': ('64bit', 'WindowsPE'), 'Machine': 'AMD64', 'Processor': 'AMD64 Family 23 Model 96 Stepping 1, AuthenticAMD', 'System': 'Windows', 'CPU Cores': 8, 'Logical CPUs': 16, 'CPU Frequency': scpufreq(current=1700.0, min=0.0, max=1700.0), 'uname': uname_result(system='Windows', node='NightFury', release='10', version='10.0.19045', machine='AMD64')};20240114020441;script;True;Ryzen_7_4750U;8
16;0.0020003318786621;100;False;True;9;0.15;{'Architecture': ('64bit', 'WindowsPE'), 'Machine': 'AMD64', 'Processor': 'AMD64 Family 23 Model 96 Stepping 1, AuthenticAMD', 'System': 'Windows', 'CPU Cores': 8, 'Logical CPUs': 16, 'CPU Frequency': scpufreq(current=1700.0, min=0.0, max=1700.0), 'uname': uname_result(system='Windows', node='NightFury', release='10', version='10.0.19045', machine='AMD64')};20240114020443;script;True;Ryzen_7_4750U;8
17;0.0030014514923095;100;False;True;9;0.3;{'Architecture': ('64bit', 'WindowsPE'), 'Machine': 'AMD64', 'Processor': 'AMD64 Family 23 Model 96 Stepping 1, AuthenticAMD', 'System': 'Windows', 'CPU Cores': 8, 'Logical CPUs': 16, 'CPU Frequency': scpufreq(current=1700.0, min=0.0, max=1700.0), 'uname': uname_result(system='Windows', node='NightFury', release='10', version='10.0.19045', machine='AMD64')};20240114020446;script;True;Ryzen_7_4750U;8
18;0.0061464309692382;100;False;False;3;0.0;{'Architecture': ('64bit', 'WindowsPE'), 'Machine': 'AMD64', 'Processor': 'AMD64 Family 23 Model 96 Stepping 1, AuthenticAMD', 'System': 'Windows', 'CPU Cores': 8, 'Logical CPUs': 16, 'CPU Frequency': scpufreq(current=1700.0, min=0.0, max=1700.0), 'uname': uname_result(system='Windows', node='NightFury', release='10', version='10.0.19045', machine='AMD64')};20240114020446;script;True;Ryzen_7_4750U;8
19;0.0029883384704589;100;False;False;3;0.15;{'Architecture': ('64bit', 'WindowsPE'), 'Machine': 'AMD64', 'Processor': 'AMD64 Family 23 Model 96 Stepping 1, AuthenticAMD', 'System': 'Windows', 'CPU Cores': 8, 'Logical CPUs': 16, 'CPU Frequency': scpufreq(current=1700.0, min=0.0, max=1700.0), 'uname': uname_result(system='Windows', node='NightFury', release='10', version='10.0.19045', machine='AMD64')};20240114020446;script;True;Ryzen_7_4750U;8
20;0.054999828338623;100;False;False;3;0.3;{'Architecture': ('64bit', 'WindowsPE'), 'Machine': 'AMD64', 'Processor': 'AMD64 Family 23 Model 96 Stepping 1, AuthenticAMD', 'System': 'Windows', 'CPU Cores': 8, 'Logical CPUs': 16, 'CPU Frequency': scpufreq(current=1700.0, min=0.0, max=1700.0), 'uname': uname_result(system='Windows', node='NightFury', release='10', version='10.0.19045', machine='AMD64')};20240114020447;script;True;Ryzen_7_4750U;8
21;0.0210044384002685;100;False;False;9;0.0;{'Architecture': ('64bit', 'WindowsPE'), 'Machine': 'AMD64', 'Processor': 'AMD64 Family 23 Model 96 Stepping 1, AuthenticAMD', 'System': 'Windows', 'CPU Cores': 8, 'Logical CPUs': 16, 'CPU Frequency': scpufreq(current=1700.0, min=0.0, max=1700.0), 'uname': uname_result(system='Windows', node='NightFury', release='10', version='10.0.19045', machine='AMD64')};20240114020447;script;True;Ryzen_7_4750U;8
22;0.0050017833709716;100;False;False;9;0.15;{'Architecture': ('64bit', 'WindowsPE'), 'Machine': 'AMD64', 'Processor': 'AMD64 Family 23 Model 96 Stepping 1, AuthenticAMD', 'System': 'Windows', 'CPU Cores': 8, 'Logical CPUs': 16, 'CPU Frequency': scpufreq(current=1700.0, min=0.0, max=1700.0), 'uname': uname_result(system='Windows', node='NightFury', release='10', version='10.0.19045', machine='AMD64')};20240114020449;script;True;Ryzen_7_4750U;8
23;0.0229976177215576;100;False;False;9;0.3;{'Architecture': ('64bit', 'WindowsPE'), 'Machine': 'AMD64', 'Processor': 'AMD64 Family 23 Model 96 Stepping 1, AuthenticAMD', 'System': 'Windows', 'CPU Cores': 8, 'Logical CPUs': 16, 'CPU Frequency': scpufreq(current=1700.0, min=0.0, max=1700.0), 'uname': uname_result(system='Windows', node='NightFury', release='10', version='10.0.19045', machine='AMD64')};20240114020452;script;True;Ryzen_7_4750U;8
24;0.5101137161254883;2550;False;True;3;0.0;{'Architecture': ('64bit', 'WindowsPE'), 'Machine': 'AMD64', 'Processor': 'AMD64 Family 23 Model 96 Stepping 1, AuthenticAMD', 'System': 'Windows', 'CPU Cores': 8, 'Logical CPUs': 16, 'CPU Frequency': scpufreq(current=1700.0, min=0.0, max=1700.0), 'uname': uname_result(system='Windows', node='NightFury', release='10', version='10.0.19045', machine='AMD64')};20240114020453;script;False;Ryzen_7_4750U;8
25;0.9062011241912842;2550;False;True;3;0.15;{'Architecture': ('64bit', 'WindowsPE'), 'Machine': 'AMD64', 'Processor': 'AMD64 Family 23 Model 96 Stepping 1, AuthenticAMD', 'System': 'Windows', 'CPU Cores': 8, 'Logical CPUs': 16, 'CPU Frequency': scpufreq(current=1700.0, min=0.0, max=1700.0), 'uname': uname_result(system='Windows', node='NightFury', release='10', version='10.0.19045', machine='AMD64')};20240114020457;script;False;Ryzen_7_4750U;8
26;0.7121462821960449;2550;False;True;3;0.3;{'Architecture': ('64bit', 'WindowsPE'), 'Machine': 'AMD64', 'Processor': 'AMD64 Family 23 Model 96 Stepping 1, AuthenticAMD', 'System': 'Windows', 'CPU Cores': 8, 'Logical CPUs': 16, 'CPU Frequency': scpufreq(current=1700.0, min=0.0, max=1700.0), 'uname': uname_result(system='Windows', node='NightFury', release='10', version='10.0.19045', machine='AMD64')};20240114020500;script;False;Ryzen_7_4750U;8
27;0.3750836849212646;2550;False;True;9;0.0;{'Architecture': ('64bit', 'WindowsPE'), 'Machine': 'AMD64', 'Processor': 'AMD64 Family 23 Model 96 Stepping 1, AuthenticAMD', 'System': 'Windows', 'CPU Cores': 8, 'Logical CPUs': 16, 'CPU Frequency': scpufreq(current=1700.0, min=0.0, max=1700.0), 'uname': uname_result(system='Windows', node='NightFury', release='10', version='10.0.19045', machine='AMD64')};20240114020503;script;False;Ryzen_7_4750U;8
28;0.3770694732666015;2550;False;True;9;0.15;{'Architecture': ('64bit', 'WindowsPE'), 'Machine': 'AMD64', 'Processor': 'AMD64 Family 23 Model 96 Stepping 1, AuthenticAMD', 'System': 'Windows', 'CPU Cores': 8, 'Logical CPUs': 16, 'CPU Frequency': scpufreq(current=1700.0, min=0.0, max=1700.0), 'uname': uname_result(system='Windows', node='NightFury', release='10', version='10.0.19045', machine='AMD64')};20240114020510;script;False;Ryzen_7_4750U;8
29;0.5301094055175781;2550;False;True;9;0.3;{'Architecture': ('64bit', 'WindowsPE'), 'Machine': 'AMD64', 'Processor': 'AMD64 Family 23 Model 96 Stepping 1, AuthenticAMD', 'System': 'Windows', 'CPU Cores': 8, 'Logical CPUs': 16, 'CPU Frequency': scpufreq(current=1700.0, min=0.0, max=1700.0), 'uname': uname_result(system='Windows', node='NightFury', release='10', version='10.0.19045', machine='AMD64')};20240114020518;script;False;Ryzen_7_4750U;8
30;0.3170714378356933;2550;False;False;3;0.0;{'Architecture': ('64bit', 'WindowsPE'), 'Machine': 'AMD64', 'Processor': 'AMD64 Family 23 Model 96 Stepping 1, AuthenticAMD', 'System': 'Windows', 'CPU Cores': 8, 'Logical CPUs': 16, 'CPU Frequency': scpufreq(current=1700.0, min=0.0, max=1700.0), 'uname': uname_result(system='Windows', node='NightFury', release='10', version='10.0.19045', machine='AMD64')};20240114020519;script;False;Ryzen_7_4750U;8
31;0.5080990791320801;2550;False;False;3;0.15;{'Architecture': ('64bit', 'WindowsPE'), 'Machine': 'AMD64', 'Processor': 'AMD64 Family 23 Model 96 Stepping 1, AuthenticAMD', 'System': 'Windows', 'CPU Cores': 8, 'Logical CPUs': 16, 'CPU Frequency': scpufreq(current=1700.0, min=0.0, max=1700.0), 'uname': uname_result(system='Windows', node='NightFury', release='10', version='10.0.19045', machine='AMD64')};20240114020521;script;False;Ryzen_7_4750U;8
32;0.5721266269683838;2550;False;False;3;0.3;{'Architecture': ('64bit', 'WindowsPE'), 'Machine': 'AMD64', 'Processor': 'AMD64 Family 23 Model 96 Stepping 1, AuthenticAMD', 'System': 'Windows', 'CPU Cores': 8, 'Logical CPUs': 16, 'CPU Frequency': scpufreq(current=1700.0, min=0.0, max=1700.0), 'uname': uname_result(system='Windows', node='NightFury', release='10', version='10.0.19045', machine='AMD64')};20240114020523;script;False;Ryzen_7_4750U;8
33;0.5251171588897705;2550;False;False;9;0.0;{'Architecture': ('64bit', 'WindowsPE'), 'Machine': 'AMD64', 'Processor': 'AMD64 Family 23 Model 96 Stepping 1, AuthenticAMD', 'System': 'Windows', 'CPU Cores': 8, 'Logical CPUs': 16, 'CPU Frequency': scpufreq(current=1700.0, min=0.0, max=1700.0), 'uname': uname_result(system='Windows', node='NightFury', release='10', version='10.0.19045', machine='AMD64')};20240114020528;script;False;Ryzen_7_4750U;8
34;0.5781149864196777;2550;False;False;9;0.15;{'Architecture': ('64bit', 'WindowsPE'), 'Machine': 'AMD64', 'Processor': 'AMD64 Family 23 Model 96 Stepping 1, AuthenticAMD', 'System': 'Windows', 'CPU Cores': 8, 'Logical CPUs': 16, 'CPU Frequency': scpufreq(current=1700.0, min=0.0, max=1700.0), 'uname': uname_result(system='Windows', node='NightFury', release='10', version='10.0.19045', machine='AMD64')};20240114020535;script;False;Ryzen_7_4750U;8
35;0.5281050205230713;2550;False;False;9;0.3;{'Architecture': ('64bit', 'WindowsPE'), 'Machine': 'AMD64', 'Processor': 'AMD64 Family 23 Model 96 Stepping 1, AuthenticAMD', 'System': 'Windows', 'CPU Cores': 8, 'Logical CPUs': 16, 'CPU Frequency': scpufreq(current=1700.0, min=0.0, max=1700.0), 'uname': uname_result(system='Windows', node='NightFury', release='10', version='10.0.19045', machine='AMD64')};20240114020542;script;False;Ryzen_7_4750U;8
36;0.5451219081878662;2550;False;True;3;0.0;{'Architecture': ('64bit', 'WindowsPE'), 'Machine': 'AMD64', 'Processor': 'AMD64 Family 23 Model 96 Stepping 1, AuthenticAMD', 'System': 'Windows', 'CPU Cores': 8, 'Logical CPUs': 16, 'CPU Frequency': scpufreq(current=1700.0, min=0.0, max=1700.0), 'uname': uname_result(system='Windows', node='NightFury', release='10', version='10.0.19045', machine='AMD64')};20240114020544;script;True;Ryzen_7_4750U;8
37;0.5130996704101562;2550;False;True;3;0.15;{'Architecture': ('64bit', 'WindowsPE'), 'Machine': 'AMD64', 'Processor': 'AMD64 Family 23 Model 96 Stepping 1, AuthenticAMD', 'System': 'Windows', 'CPU Cores': 8, 'Logical CPUs': 16, 'CPU Frequency': scpufreq(current=1700.0, min=0.0, max=1700.0), 'uname': uname_result(system='Windows', node='NightFury', release='10', version='10.0.19045', machine='AMD64')};20240114020546;script;True;Ryzen_7_4750U;8
38;0.5331194400787354;2550;False;True;3;0.3;{'Architecture': ('64bit', 'WindowsPE'), 'Machine': 'AMD64', 'Processor': 'AMD64 Family 23 Model 96 Stepping 1, AuthenticAMD', 'System': 'Windows', 'CPU Cores': 8, 'Logical CPUs': 16, 'CPU Frequency': scpufreq(current=1700.0, min=0.0, max=1700.0), 'uname': uname_result(system='Windows', node='NightFury', release='10', version='10.0.19045', machine='AMD64')};20240114020549;script;True;Ryzen_7_4750U;8
39;0.57112717628479;2550;False;True;9;0.0;{'Architecture': ('64bit', 'WindowsPE'), 'Machine': 'AMD64', 'Processor': 'AMD64 Family 23 Model 96 Stepping 1, AuthenticAMD', 'System': 'Windows', 'CPU Cores': 8, 'Logical CPUs': 16, 'CPU Frequency': scpufreq(current=1700.0, min=0.0, max=1700.0), 'uname': uname_result(system='Windows', node='NightFury', release='10', version='10.0.19045', machine='AMD64')};20240114020554;script;True;Ryzen_7_4750U;8
40;0.8241782188415527;2550;False;True;9;0.15;{'Architecture': ('64bit', 'WindowsPE'), 'Machine': 'AMD64', 'Processor': 'AMD64 Family 23 Model 96 Stepping 1, AuthenticAMD', 'System': 'Windows', 'CPU Cores': 8, 'Logical CPUs': 16, 'CPU Frequency': scpufreq(current=1700.0, min=0.0, max=1700.0), 'uname': uname_result(system='Windows', node='NightFury', release='10', version='10.0.19045', machine='AMD64')};20240114020602;script;True;Ryzen_7_4750U;8
41;0.504112720489502;2550;False;True;9;0.3;{'Architecture': ('64bit', 'WindowsPE'), 'Machine': 'AMD64', 'Processor': 'AMD64 Family 23 Model 96 Stepping 1, AuthenticAMD', 'System': 'Windows', 'CPU Cores': 8, 'Logical CPUs': 16, 'CPU Frequency': scpufreq(current=1700.0, min=0.0, max=1700.0), 'uname': uname_result(system='Windows', node='NightFury', release='10', version='10.0.19045', machine='AMD64')};20240114020610;script;True;Ryzen_7_4750U;8
42;0.3370749950408935;2550;False;False;3;0.0;{'Architecture': ('64bit', 'WindowsPE'), 'Machine': 'AMD64', 'Processor': 'AMD64 Family 23 Model 96 Stepping 1, AuthenticAMD', 'System': 'Windows', 'CPU Cores': 8, 'Logical CPUs': 16, 'CPU Frequency': scpufreq(current=1700.0, min=0.0, max=1700.0), 'uname': uname_result(system='Windows', node='NightFury', release='10', version='10.0.19045', machine='AMD64')};20240114020611;script;True;Ryzen_7_4750U;8
43;0.3090565204620361;2550;False;False;3;0.15;{'Architecture': ('64bit', 'WindowsPE'), 'Machine': 'AMD64', 'Processor': 'AMD64 Family 23 Model 96 Stepping 1, AuthenticAMD', 'System': 'Windows', 'CPU Cores': 8, 'Logical CPUs': 16, 'CPU Frequency': scpufreq(current=1700.0, min=0.0, max=1700.0), 'uname': uname_result(system='Windows', node='NightFury', release='10', version='10.0.19045', machine='AMD64')};20240114020612;script;True;Ryzen_7_4750U;8
44;0.2710397243499756;2550;False;False;3;0.3;{'Architecture': ('64bit', 'WindowsPE'), 'Machine': 'AMD64', 'Processor': 'AMD64 Family 23 Model 96 Stepping 1, AuthenticAMD', 'System': 'Windows', 'CPU Cores': 8, 'Logical CPUs': 16, 'CPU Frequency': scpufreq(current=1700.0, min=0.0, max=1700.0), 'uname': uname_result(system='Windows', node='NightFury', release='10', version='10.0.19045', machine='AMD64')};20240114020614;script;True;Ryzen_7_4750U;8
45;0.2630584239959717;2550;False;False;9;0.0;{'Architecture': ('64bit', 'WindowsPE'), 'Machine': 'AMD64', 'Processor': 'AMD64 Family 23 Model 96 Stepping 1, AuthenticAMD', 'System': 'Windows', 'CPU Cores': 8, 'Logical CPUs': 16, 'CPU Frequency': scpufreq(current=1700.0, min=0.0, max=1700.0), 'uname': uname_result(system='Windows', node='NightFury', release='10', version='10.0.19045', machine='AMD64')};20240114020617;script;True;Ryzen_7_4750U;8
46;0.4951119422912597;2550;False;False;9;0.15;{'Architecture': ('64bit', 'WindowsPE'), 'Machine': 'AMD64', 'Processor': 'AMD64 Family 23 Model 96 Stepping 1, AuthenticAMD', 'System': 'Windows', 'CPU Cores': 8, 'Logical CPUs': 16, 'CPU Frequency': scpufreq(current=1700.0, min=0.0, max=1700.0), 'uname': uname_result(system='Windows', node='NightFury', release='10', version='10.0.19045', machine='AMD64')};20240114020622;script;True;Ryzen_7_4750U;8
47;0.4420979022979736;2550;False;False;9;0.3;{'Architecture': ('64bit', 'WindowsPE'), 'Machine': 'AMD64', 'Processor': 'AMD64 Family 23 Model 96 Stepping 1, AuthenticAMD', 'System': 'Windows', 'CPU Cores': 8, 'Logical CPUs': 16, 'CPU Frequency': scpufreq(current=1700.0, min=0.0, max=1700.0), 'uname': uname_result(system='Windows', node='NightFury', release='10', version='10.0.19045', machine='AMD64')};20240114020630;script;True;Ryzen_7_4750U;8
48;1.1292378902435305;5000;False;True;3;0.0;{'Architecture': ('64bit', 'WindowsPE'), 'Machine': 'AMD64', 'Processor': 'AMD64 Family 23 Model 96 Stepping 1, AuthenticAMD', 'System': 'Windows', 'CPU Cores': 8, 'Logical CPUs': 16, 'CPU Frequency': scpufreq(current=1700.0, min=0.0, max=1700.0), 'uname': uname_result(system='Windows', node='NightFury', release='10', version='10.0.19045', machine='AMD64')};20240114020633;script;False;Ryzen_7_4750U;8
49;1.9334304332733157;5000;False;True;3;0.15;{'Architecture': ('64bit', 'WindowsPE'), 'Machine': 'AMD64', 'Processor': 'AMD64 Family 23 Model 96 Stepping 1, AuthenticAMD', 'System': 'Windows', 'CPU Cores': 8, 'Logical CPUs': 16, 'CPU Frequency': scpufreq(current=1700.0, min=0.0, max=1700.0), 'uname': uname_result(system='Windows', node='NightFury', release='10', version='10.0.19045', machine='AMD64')};20240114020640;script;False;Ryzen_7_4750U;8
50;1.2922866344451904;5000;False;True;3;0.3;{'Architecture': ('64bit', 'WindowsPE'), 'Machine': 'AMD64', 'Processor': 'AMD64 Family 23 Model 96 Stepping 1, AuthenticAMD', 'System': 'Windows', 'CPU Cores': 8, 'Logical CPUs': 16, 'CPU Frequency': scpufreq(current=1700.0, min=0.0, max=1700.0), 'uname': uname_result(system='Windows', node='NightFury', release='10', version='10.0.19045', machine='AMD64')};20240114020645;script;False;Ryzen_7_4750U;8
51;1.679375410079956;5000;False;True;9;0.0;{'Architecture': ('64bit', 'WindowsPE'), 'Machine': 'AMD64', 'Processor': 'AMD64 Family 23 Model 96 Stepping 1, AuthenticAMD', 'System': 'Windows', 'CPU Cores': 8, 'Logical CPUs': 16, 'CPU Frequency': scpufreq(current=1700.0, min=0.0, max=1700.0), 'uname': uname_result(system='Windows', node='NightFury', release='10', version='10.0.19045', machine='AMD64')};20240114020702;script;False;Ryzen_7_4750U;8
52;1.719369888305664;5000;False;True;9;0.15;{'Architecture': ('64bit', 'WindowsPE'), 'Machine': 'AMD64', 'Processor': 'AMD64 Family 23 Model 96 Stepping 1, AuthenticAMD', 'System': 'Windows', 'CPU Cores': 8, 'Logical CPUs': 16, 'CPU Frequency': scpufreq(current=1700.0, min=0.0, max=1700.0), 'uname': uname_result(system='Windows', node='NightFury', release='10', version='10.0.19045', machine='AMD64')};20240114020719;script;False;Ryzen_7_4750U;8
53;1.8584511280059812;5000;False;True;9;0.3;{'Architecture': ('64bit', 'WindowsPE'), 'Machine': 'AMD64', 'Processor': 'AMD64 Family 23 Model 96 Stepping 1, AuthenticAMD', 'System': 'Windows', 'CPU Cores': 8, 'Logical CPUs': 16, 'CPU Frequency': scpufreq(current=1700.0, min=0.0, max=1700.0), 'uname': uname_result(system='Windows', node='NightFury', release='10', version='10.0.19045', machine='AMD64')};20240114020738;script;False;Ryzen_7_4750U;8
54;1.8203999996185305;5000;False;False;3;0.0;{'Architecture': ('64bit', 'WindowsPE'), 'Machine': 'AMD64', 'Processor': 'AMD64 Family 23 Model 96 Stepping 1, AuthenticAMD', 'System': 'Windows', 'CPU Cores': 8, 'Logical CPUs': 16, 'CPU Frequency': scpufreq(current=1700.0, min=0.0, max=1700.0), 'uname': uname_result(system='Windows', node='NightFury', release='10', version='10.0.19045', machine='AMD64')};20240114020744;script;False;Ryzen_7_4750U;8
55;1.8549461364746092;5000;False;False;3;0.15;{'Architecture': ('64bit', 'WindowsPE'), 'Machine': 'AMD64', 'Processor': 'AMD64 Family 23 Model 96 Stepping 1, AuthenticAMD', 'System': 'Windows', 'CPU Cores': 8, 'Logical CPUs': 16, 'CPU Frequency': scpufreq(current=1700.0, min=0.0, max=1700.0), 'uname': uname_result(system='Windows', node='NightFury', release='10', version='10.0.19045', machine='AMD64')};20240114020750;script;False;Ryzen_7_4750U;8
56;1.797008752822876;5000;False;False;3;0.3;{'Architecture': ('64bit', 'WindowsPE'), 'Machine': 'AMD64', 'Processor': 'AMD64 Family 23 Model 96 Stepping 1, AuthenticAMD', 'System': 'Windows', 'CPU Cores': 8, 'Logical CPUs': 16, 'CPU Frequency': scpufreq(current=1700.0, min=0.0, max=1700.0), 'uname': uname_result(system='Windows', node='NightFury', release='10', version='10.0.19045', machine='AMD64')};20240114020756;script;False;Ryzen_7_4750U;8
57;1.916425466537476;5000;False;False;9;0.0;{'Architecture': ('64bit', 'WindowsPE'), 'Machine': 'AMD64', 'Processor': 'AMD64 Family 23 Model 96 Stepping 1, AuthenticAMD', 'System': 'Windows', 'CPU Cores': 8, 'Logical CPUs': 16, 'CPU Frequency': scpufreq(current=1700.0, min=0.0, max=1700.0), 'uname': uname_result(system='Windows', node='NightFury', release='10', version='10.0.19045', machine='AMD64')};20240114020813;script;False;Ryzen_7_4750U;8
58;1.7943854331970217;5000;False;False;9;0.15;{'Architecture': ('64bit', 'WindowsPE'), 'Machine': 'AMD64', 'Processor': 'AMD64 Family 23 Model 96 Stepping 1, AuthenticAMD', 'System': 'Windows', 'CPU Cores': 8, 'Logical CPUs': 16, 'CPU Frequency': scpufreq(current=1700.0, min=0.0, max=1700.0), 'uname': uname_result(system='Windows', node='NightFury', release='10', version='10.0.19045', machine='AMD64')};20240114020830;script;False;Ryzen_7_4750U;8
59;1.9070141315460205;5000;False;False;9;0.3;{'Architecture': ('64bit', 'WindowsPE'), 'Machine': 'AMD64', 'Processor': 'AMD64 Family 23 Model 96 Stepping 1, AuthenticAMD', 'System': 'Windows', 'CPU Cores': 8, 'Logical CPUs': 16, 'CPU Frequency': scpufreq(current=1700.0, min=0.0, max=1700.0), 'uname': uname_result(system='Windows', node='NightFury', release='10', version='10.0.19045', machine='AMD64')};20240114020851;script;False;Ryzen_7_4750U;8
60;1.6883783340454102;5000;False;True;3;0.0;{'Architecture': ('64bit', 'WindowsPE'), 'Machine': 'AMD64', 'Processor': 'AMD64 Family 23 Model 96 Stepping 1, AuthenticAMD', 'System': 'Windows', 'CPU Cores': 8, 'Logical CPUs': 16, 'CPU Frequency': scpufreq(current=1700.0, min=0.0, max=1700.0), 'uname': uname_result(system='Windows', node='NightFury', release='10', version='10.0.19045', machine='AMD64')};20240114020857;script;True;Ryzen_7_4750U;8
61;1.7463710308074951;5000;False;True;3;0.15;{'Architecture': ('64bit', 'WindowsPE'), 'Machine': 'AMD64', 'Processor': 'AMD64 Family 23 Model 96 Stepping 1, AuthenticAMD', 'System': 'Windows', 'CPU Cores': 8, 'Logical CPUs': 16, 'CPU Frequency': scpufreq(current=1700.0, min=0.0, max=1700.0), 'uname': uname_result(system='Windows', node='NightFury', release='10', version='10.0.19045', machine='AMD64')};20240114020903;script;True;Ryzen_7_4750U;8
62;1.5333445072174072;5000;False;True;3;0.3;{'Architecture': ('64bit', 'WindowsPE'), 'Machine': 'AMD64', 'Processor': 'AMD64 Family 23 Model 96 Stepping 1, AuthenticAMD', 'System': 'Windows', 'CPU Cores': 8, 'Logical CPUs': 16, 'CPU Frequency': scpufreq(current=1700.0, min=0.0, max=1700.0), 'uname': uname_result(system='Windows', node='NightFury', release='10', version='10.0.19045', machine='AMD64')};20240114020908;script;True;Ryzen_7_4750U;8
63;1.6758975982666016;5000;False;True;9;0.0;{'Architecture': ('64bit', 'WindowsPE'), 'Machine': 'AMD64', 'Processor': 'AMD64 Family 23 Model 96 Stepping 1, AuthenticAMD', 'System': 'Windows', 'CPU Cores': 8, 'Logical CPUs': 16, 'CPU Frequency': scpufreq(current=1700.0, min=0.0, max=1700.0), 'uname': uname_result(system='Windows', node='NightFury', release='10', version='10.0.19045', machine='AMD64')};20240114020924;script;True;Ryzen_7_4750U;8
64;1.681004524230957;5000;False;True;9;0.15;{'Architecture': ('64bit', 'WindowsPE'), 'Machine': 'AMD64', 'Processor': 'AMD64 Family 23 Model 96 Stepping 1, AuthenticAMD', 'System': 'Windows', 'CPU Cores': 8, 'Logical CPUs': 16, 'CPU Frequency': scpufreq(current=1700.0, min=0.0, max=1700.0), 'uname': uname_result(system='Windows', node='NightFury', release='10', version='10.0.19045', machine='AMD64')};20240114020940;script;True;Ryzen_7_4750U;8
65;1.7013731002807615;5000;False;True;9;0.3;{'Architecture': ('64bit', 'WindowsPE'), 'Machine': 'AMD64', 'Processor': 'AMD64 Family 23 Model 96 Stepping 1, AuthenticAMD', 'System': 'Windows', 'CPU Cores': 8, 'Logical CPUs': 16, 'CPU Frequency': scpufreq(current=1700.0, min=0.0, max=1700.0), 'uname': uname_result(system='Windows', node='NightFury', release='10', version='10.0.19045', machine='AMD64')};20240114020958;script;True;Ryzen_7_4750U;8
66;1.8474042415618896;5000;False;False;3;0.0;{'Architecture': ('64bit', 'WindowsPE'), 'Machine': 'AMD64', 'Processor': 'AMD64 Family 23 Model 96 Stepping 1, AuthenticAMD', 'System': 'Windows', 'CPU Cores': 8, 'Logical CPUs': 16, 'CPU Frequency': scpufreq(current=1700.0, min=0.0, max=1700.0), 'uname': uname_result(system='Windows', node='NightFury', release='10', version='10.0.19045', machine='AMD64')};20240114021004;script;True;Ryzen_7_4750U;8
67;1.735943078994751;5000;False;False;3;0.15;{'Architecture': ('64bit', 'WindowsPE'), 'Machine': 'AMD64', 'Processor': 'AMD64 Family 23 Model 96 Stepping 1, AuthenticAMD', 'System': 'Windows', 'CPU Cores': 8, 'Logical CPUs': 16, 'CPU Frequency': scpufreq(current=1700.0, min=0.0, max=1700.0), 'uname': uname_result(system='Windows', node='NightFury', release='10', version='10.0.19045', machine='AMD64')};20240114021010;script;True;Ryzen_7_4750U;8
68;1.5833463668823242;5000;False;False;3;0.3;{'Architecture': ('64bit', 'WindowsPE'), 'Machine': 'AMD64', 'Processor': 'AMD64 Family 23 Model 96 Stepping 1, AuthenticAMD', 'System': 'Windows', 'CPU Cores': 8, 'Logical CPUs': 16, 'CPU Frequency': scpufreq(current=1700.0, min=0.0, max=1700.0), 'uname': uname_result(system='Windows', node='NightFury', release='10', version='10.0.19045', machine='AMD64')};20240114021016;script;True;Ryzen_7_4750U;8
69;1.6733736991882324;5000;False;False;9;0.0;{'Architecture': ('64bit', 'WindowsPE'), 'Machine': 'AMD64', 'Processor': 'AMD64 Family 23 Model 96 Stepping 1, AuthenticAMD', 'System': 'Windows', 'CPU Cores': 8, 'Logical CPUs': 16, 'CPU Frequency': scpufreq(current=1700.0, min=0.0, max=1700.0), 'uname': uname_result(system='Windows', node='NightFury', release='10', version='10.0.19045', machine='AMD64')};20240114021031;script;True;Ryzen_7_4750U;8
70;1.654428243637085;5000;False;False;9;0.15;{'Architecture': ('64bit', 'WindowsPE'), 'Machine': 'AMD64', 'Processor': 'AMD64 Family 23 Model 96 Stepping 1, AuthenticAMD', 'System': 'Windows', 'CPU Cores': 8, 'Logical CPUs': 16, 'CPU Frequency': scpufreq(current=1700.0, min=0.0, max=1700.0), 'uname': uname_result(system='Windows', node='NightFury', release='10', version='10.0.19045', machine='AMD64')};20240114021047;script;True;Ryzen_7_4750U;8
71;1.851412296295166;5000;False;False;9;0.3;{'Architecture': ('64bit', 'WindowsPE'), 'Machine': 'AMD64', 'Processor': 'AMD64 Family 23 Model 96 Stepping 1, AuthenticAMD', 'System': 'Windows', 'CPU Cores': 8, 'Logical CPUs': 16, 'CPU Frequency': scpufreq(current=1700.0, min=0.0, max=1700.0), 'uname': uname_result(system='Windows', node='NightFury', release='10', version='10.0.19045', machine='AMD64')};20240114021107;script;True;Ryzen_7_4750U;8
